"id","url","name","posted_date","amenities","price","price_per_sq_ft","currency","description","seo_description","landmark_details","landmark_details/0","landmark_details/1","landmark_details/2","landmark_details/3","landmark_details/4","landmark_details/5","landmark_details/6","landmark_details/7","landmark","location","owner_name","company_name","carpet_area","land_area_unit","balconies","bathrooms","facing","floors","city_name","bedrooms","address","covered_area","carp_area_unit","cov_area_unit","operating_since","image_url"
"60527357","9000-Sq-ft-Industrial-Shed-FOR-Sale-Rajaji-Nagar-Industrial-Town-in-Bangalore&id=4d423630353237333537"," Industrial Shed for Resale in Rajajinagar Industrial Town, Rajajinagar","2025-09-07T17:35:01.000Z",,"300000000","33333","₹","Industrial shed is available for sale.","This factory land is for sale in Rajaji Nagar Industrial Town, is situated across a an area of 9000 square feet, and is listed at a competitive price of ₹30 Cr. This commercial building is available to visit at the following address Rajaji Nagar Industrial Town, Bangalore - Central, Karnataka.",,"19201|SSI Industrial Area","19202|Government Tool Room Training Center",,,,,,,,"12.97871809,77.54994314","Manoj",,,,,,,,"Bangalore",,"Bangalore, Karnataka","9000",,"12800",,"https://img.staticmb.com/mbphoto/property/cropped_images/2022/Apr/13/Photo_h180_w240/60527357_2_IMG_20220412_174733_180_240.jpg"
"80119937","10000-Sq-ft-Industrial-Shed-FOR-Sale-Peenya-2nd-Stage-in-Bangalore&id=4d423830313139393337"," Industrial Shed for Resale in Stage 2nd Peenya","2025-09-07T23:32:15.000Z",,"105000000","10500","₹","Industrial Shed Available for Sale. Ready for Production Condition. 200 KVa Transformer and 125 KVa Connected Load Installed.","The industrial shed is spread over a plot area of 10000.0 square feet. peenya 3rd stage. corner property with access from 2 sides. is the nearest and prime landmark to this industrial shed. This commercial building is available to visit at the following address Peenya 2nd Stage, Bangalore - West, Karnataka.",,,,,,,,,,"Peenya 3rd Stage. Corner Property with access from 2 sides.","13.01507,77.48806","Shreyance Shah",,,"12850",,,,,"Bangalore",,"Bangalore, Karnataka",,,,,"https://img.staticmb.com/mbphoto/property/cropped_images/2025/Jun/25/Photo_h180_w240/80119937_3_HOTO202504171347515_180_240.jpg"
"80177283","113099-Sq-ft-Industrial-Shed-FOR-Sale-Bommasandra-Jigani-Link-Road-in-Bangalore&id=4d423830313737323833"," Industrial Shed for Resale in Bommasandra Jigani Link Road","2025-07-30T06:54:41.000Z",,"700000000","6189","₹","KIADB APPROVED PROPERTY GOOD FOR ALL THE INDUSTRIES","This industrial shed is for sale in Bommasandra Jigani Link Road and is situated across a highly developed area of 113099 square feet. The asking price is ₹70 Cr. The industrial shed is located on an area of 150000.0 square feet.  The industrial shed is close the landmark good access to jigani and bommasandra. The following address Bommasandra Jigani Link Road, Bangalore - South, Karnataka, is where you may view the industrial shed that is for sale.",,,,,,,,,,"GOOD ACCESS TO JIGANI AND BOMMASANDRA","12.8062366,77.6633302","NT Realtors","NT Realtors",,"12850",,,,,"Bangalore",,"Bangalore, Karnataka",,,"12800",,
"72555321","5500-Sq-ft-Industrial-Shed-FOR-Sale-Peenya-Industrial-Area-Phase-3-in-Bangalore&id=4d423732353535333231"," Industrial Shed for Resale in Phase 3 Peenya","2025-08-30T17:35:01.000Z",,"65000000","11818","₹","Industrial Shed is available for sale. It has a Covered area of 5500 sq-ft, it is a good location property. Please contact for more details.","This industrial shed is for sale in Peenya Industrial Area Phase 3 and is situated across a highly developed area of 5500 square feet. The asking price is ₹6.50 Cr. The following address Peenya Industrial Area Phase 3, Bangalore - West, Karnataka, is where you may view the industrial shed that is for sale.",,"19203|Sanjeevani Nursing Home","19210|Majestic City Railway Station And Bus Station",,,,,,,,"13.02250622,77.51721982","Abu",,,,,,,,"Bangalore",,"Bangalore, Karnataka","5500",,"12800",,"https://img.staticmb.com/mbphoto/property/cropped_images/2024/Apr/29/Photo_h180_w240/72555321_1_MG2514_180_240.jpeg"
"79570625","11000-Sq-ft-Industrial-Shed-FOR-Sale-in-Bangalore&id=4d423739353730363235"," Industrial Shed for Resale in ","2025-08-28T00:13:28.000Z",,"45000000","4091","₹","East Facing 3 Side Road Access Inudstrial Shed for immediate sale. Owners have used for 10 years for their own manufacturing and now moved to a big factory, hence selling. 11,000 Sq feet very close to Factory Gate, so no need to provide Transport for employees. Hosakote is fastest developing and in 3 years price will be 6000 per sq feet. Easy access to Chennai Bangalore Expressway","Priced at a reasonable price of ₹4.50 Cr, this Industrial shed is available for sale in Hosakote and has a super built up area of 11000 square feet. very close to factory gate. very close to chennai bangalore expressway is the nearest and prime landmark to this industrial shed. You can view this industrial shed on sale at the following address: Bangalore, Karnataka.",,,,,,,,,,"Very Close to Factory Gate. Very Close to Chennai Bangalore Expressway",,"Chandan Kumar",,,,,,,,"Bangalore",,"Bangalore, Karnataka",,,"12800",,"https://img.staticmb.com/mbphoto/property/cropped_images/2025/May/21/Photo_h180_w240/79570625_1_MG5867copy_180_240.jpg"
"80588549","5700-Sq-ft-Industrial-Shed-FOR-Sale-Peenya-Industrial-Area-Phase-4-in-Bangalore&id=4d423830353838353439"," Industrial Shed for Resale in Phase 4 Peenya","2025-08-15T14:52:11.000Z",,"39900000","7000","₹","Excellent Industrial shed for sale at Peenya Industrial Estate. Clear titles. Available power, water. ideal for light industrial activities. Please call for further details.","This industrial shed is for sale in Peenya Industrial Area Phase 4 and is situated across a highly developed area of 5700 square feet. The asking price is ₹3.99 Cr. The industrial shed is close the landmark the property is not far from the tumkur bangalore highway. For further details on this factory land for sale, the address is Peenya Industrial Area Phase 4, Bangalore - West, Karnataka.",,"19202|MS Ramaiah University of Applied Sciences","19202|MS Ramaiah University of Applied Sciences Peenya Campus","19203|Shri Venkteshwara Hospital",,,,,,"The property is not far from the Tumkur Bangalore highway","13.01602,77.5063835","Ram Rajpal","Prime Properties",,,,,,,"Bangalore",,"Bangalore, Karnataka","5700",,"12800",,"https://img.staticmb.com/mbphoto/property/cropped_images/2025/Jul/22/Photo_h180_w240/80588549_1_creenshot20250722141552_180_240.jpg"
"67699837","1800-Sq-ft-Industrial-Shed-FOR-Sale-in-Bangalore&id=4d423637363939383337"," Industrial Shed for Resale in ","2025-08-27T17:35:01.000Z",,"27000000","15000","₹","  Industrial Shed is available for Sale in , Bangalore for 2.7 Crore(s)","Priced at a reasonable price of ₹2.70 Cr, this Industrial shed is available for sale in Near my school - CKC garden and has a super built up area of 1800 square feet. For further details on this factory land for sale, the address is Bangalore, Karnataka.",,,,,,,,,,,,"Krupa",,,,,,,,"Bangalore",,"Bangalore, Karnataka","1800",,"12800",,
"81042645","55000-Sq-ft-Industrial-Shed-FOR-Sale-Peenya-Industrial-Area-Phase-3-in-Bangalore&id=4d423831303432363435"," Industrial Shed for Resale in Phase 3 Peenya","2025-08-22T10:37:32.000Z","Service/Goods Lift,Visitor Parking,Intercom Facility","270000000","4909","₹","1 Prime location  near markets, schools, hospitals 2 Wide roads and peaceful neighborhood 3 Modern kitchen and stylish interiors 4 Ideal for living or investment 5 High rental income potential","Priced at a reasonable price of ₹27 Cr, this Industrial shed is available for sale in Peenya Industrial Area Phase 3 and has a super built up area of 55000 square feet. Constructed on the plot area of 21500.0 square feet, this shed is well-sized. The industrial shed comes with amenities like service/goods lift,visitor parking,intercom facility that are necessary. The landmark near kanteerava studio is situated near this industrial shed. The following address Peenya Industrial Area Phase 3, Bangalore - West, Karnataka, is where you may view the industrial shed that is for sale.",,"19203|Sanjeevani Nursing Home","19210|Majestic City Railway Station And Bus Station",,,,,,,"Near Kanteerava Studio","13.02250622,77.51721982","Venkatraju","SLV Properties ",,"12850",,,,,"Bangalore",,"Bangalore, Karnataka",,,"12800",,
"49160905","1200-Sq-ft-Industrial-Shed-FOR-Sale-Jigani-Industrial-Area-in-Bangalore&id=4d423439313630393035"," Industrial Shed for Resale in Jigani Industrial Area","2025-08-28T17:35:01.000Z",,"120000000","100000","₹","  Industrial Shed is available for Sale in Jigani Industrial Area, Bangalore for 12.0 Crore(s)","This factory land is for sale in Jigani Industrial Area, is situated across a an area of 1200 square feet, and is listed at a competitive price of ₹12 Cr. For further details on this factory land for sale, the address is Jigani Industrial Area, Bangalore - South, Karnataka.",,"19201|Infion Advanced Laser Systems Pvt. Ltd","19201|Indo-Mim Pvt. Ltd.","19203|YK Hospital",,,,,,,"12.80522379,77.6281917","Suresh",,,,,,,,"Bangalore",,"Bangalore, Karnataka","1200",,"12800",,
"49525524","50000-Sq-ft-Industrial-Shed-FOR-Sale-HAL-Old-Airport-Road-in-Bangalore&id=4d423439353235353234"," Industrial Shed for Resale in BCIL T Zed at HAL Old Airport Road","2025-09-01T05:34:41.000Z",,"1000000000","20000","₹","  Industrial Shed is available for Sale in HAL Old Airport Road, Bangalore for 100.0 Crore(s)","Up for sale in HAL Old Airport Road, this industrial shed occupies a super built up area of 50000 square feet and is available at ₹100 Cr price. For further details on this factory land for sale, the address is Bcil T Zed, HAL Old Airport Road, Bangalore - East, Karnataka.",,"19202|Bharati Vidyalaya Day Care",,,,,,,,,"12.95713316,77.67437979","NIKUNJ RATHOD",,,,,,,,"Bangalore",,"Bangalore, Karnataka",,,"12800",,
"68921481","5800-Sq-ft-Industrial-Shed-FOR-Sale-Srigandha-Nagar-in-Bangalore&id=4d423638393231343831"," Industrial Shed for Resale in Srigandha Nagar, Hegganahalli","2025-09-05T17:35:02.000Z",,"30000000","5172","₹","  Industrial Shed is available for Sale in Srigandha Nagar, Bangalore for 3.0 Crore(s)","Priced at a reasonable price of ₹3 Cr, this Industrial shed is available for sale in Srigandha Nagar and has a super built up area of 5800 square feet. You can view this industrial shed on sale at the following address: Srigandha Nagar, Bangalore - West, Karnataka.",,,,,,,,,,,"12.999906,77.507307","Raghu Prasad",,,,,,,,"Bangalore",,"Bangalore, Karnataka","5800",,"12800",,"https://img.staticmb.com/mbphoto/property/cropped_images/2023/Oct/12/Photo_h180_w240/3791_WhatsAppImage20230826at09.33.541_180_240.jpeg"
"78988503","950-Sq-ft-Industrial-Shed-FOR-Sale-Jalahalli-West-in-Bangalore&id=4d423738393838353033"," Industrial Shed for Resale in Jalahalli West","2025-08-19T15:31:22.000Z",,"5400000","5684","₹","Industrial shed is available for sale.","This industrial shed is for sale in Jalahalli West and is situated across a highly developed area of 950 square feet. The asking price is ₹54 Lac. The following address Jalahalli West, Bangalore - North, Karnataka, is where you may view the industrial shed that is for sale.",,"19201|LAV KUSH SHOPPING CENTER","19201|Market Fresh Supermarket","19202|Rc International School","19202|Thriveni Institute of Commerce and Management","19203|Ravi Kirloskar Memorial Hospital","19203|Maruti Health Care","19210|Chikkabanavara Railway Station",,,"13.060648,77.519468","Karthik",,,,,,"North - East",,"Bangalore",,"Bangalore, Karnataka","950",,"12800",,"https://img.staticmb.com/mbphoto/property/cropped_images/2025/Apr/18/Photo_h180_w240/78988503_1_PropertyImage730-0915612292808_180_240.jpg"
"72435271","1650-Sq-ft-Industrial-Shed-FOR-Sale-Maruthi-Layout-in-Bangalore&id=4d423732343335323731"," Industrial Shed for Resale in Maruthi Layout","2025-08-27T17:35:01.000Z",,"12000000","7273","₹","Industrial shed is available for sale. It is a good location property. Please contact for more details.","This industrial shed is for sale in Maruthi Layout and is situated across a highly developed area of 1650 square feet. The asking price is ₹1.20 Cr. The industrial shed is built on a plot of 1170.0 square feet. The following address can be used to learn more about this factory land  for sale: Maruthi Layout, Bangalore - North, Karnataka.",,"19203|Unani Herbal Clinic",,,,,,,,,"13.06250643,77.57334419","Mandeep Singh",,,"12850",,,,,"Bangalore",,"Bangalore, Karnataka","1650",,"12800",,"https://img.staticmb.com/mbphoto/property/cropped_images/2024/Apr/20/Photo_h180_w240/72435271_1_MG20230415WA0004_180_240.jpg"
"21403553","3200-Sq-ft-Industrial-Shed-FOR-Sale-Pantarapalya-in-Bangalore&id=4d423231343033353533"," Industrial Shed for Resale in Pantarapalya, Nayandahalli, Mysore Road","2025-08-23T17:35:01.000Z",,"38400000","12000","₹","The age of construction for this apartment Industrial Shed is between 15 to 20 years. Prime facilities are Nayandahalli metro Station 0 km .Own Transformer ,Facing North, East doors.Easy accessible road. Commercial building.Single owner.Earns rent upto 50000","This Industrial shed is available for sale in Pantarapalya is spread across a super built up area of 3200 square feet, and is priced at a reasonable rate of ₹3.84 Cr. The industrial shed is built on a plot of 3000.0 square feet. The industrial shed is close the landmark prime facilities are nayandahalli metro station 0 km easily accessible. You can view this industrial shed on sale at the following address: Pantarapalya, Bangalore - South, Karnataka.",,"19201|Global Mall","19201|Divinity Mall","19203|Vet Hospital",,,,,,"Prime facilities are Nayandahalli metro Station 0 km easily accessible","12.9411199,77.5262412","tara",,,"12850",,,,,"Bangalore",,"Bangalore, Karnataka","3200",,"12800",,"https://img.staticmb.com/mbphoto/property/cropped_images/2023/May/11/Photo_h180_w240/21403553_8_hatsAppImage20230511at11.12.19AM_180_240.jpeg"
"64567071","16850-Sq-ft-Industrial-Shed-FOR-Sale-Okalipuram-in-Bangalore&id=4d423634353637303731"," Industrial Shed for Resale in Okalipuram, Srirampuram","2025-08-23T17:35:01.000Z",,"55000000","3264","₹","  Industrial Shed is available for Sale in Okalipuram, Bangalore for 5.5 Crore(s)","Up for sale in Okalipuram, this industrial shed occupies a super built up area of 16850 square feet and is available at ₹5.50 Cr price. For further details on this factory land for sale, the address is Okalipuram, Bangalore - Central, Karnataka.",,"19202|Best Civil Services Coaching ",,,,,,,,,"12.98389313,77.56583354","Krishna kumar",,,,,,,,"Bangalore",,"Bangalore, Karnataka",,,"12800",,"https://img.staticmb.com/mbphoto/property/cropped_images/2023/Jul/25/Photo_h180_w240/9114_E2AC3D391AB948EA82097D0ECBE73B6E_180_240.jpeg"
"53033167","600-Sq-ft-Industrial-Shed-FOR-Sale-Rajaji-Nagar-6th-Block-in-Bangalore&id=4d423533303333313637"," Industrial Shed for Resale in Block 6th Rajajinagar","2025-08-09T22:30:29.000Z",,"18000000","30000","₹","  Industrial Shed is available for Sale in Block 6th Rajajinagar, Bangalore for 1.8 Crore(s)","Priced at a reasonable price of ₹1.80 Cr, this Industrial shed is available for sale in Rajaji Nagar 6th Block and has a super built up area of 600 square feet. The following address Rajaji Nagar 6th Block, Bangalore - Central, Karnataka, is where you may view the industrial shed that is for sale.",,"19202|St Anns High School","19202|Venkat International Public School",,,,,,,,"12.97873406,77.55484351","Satish P",,,,,,,,"Bangalore",,"Bangalore, Karnataka","600",,"12800",,
"77844773","27000-Sq-ft-Industrial-Shed-FOR-Sale-in-Bangalore&id=4d423737383434373733"," Industrial Shed for Resale in ","2025-08-20T17:35:02.000Z",,"125000000","4630","₹","Industrial shed is available for sale. It has a Covered area of 27000 sq-ft, it is a good location property. Please contact for more details.","Priced at a reasonable price of ₹12.50 Cr, this Industrial shed is available for sale in  and has a super built up area of 27000 square feet. For further details on this factory land for sale, the address is Bangalore, Karnataka.",,,,,,,,,,,,"Aleem",,,,,,,,"Bangalore",,"Bangalore, Karnataka",,,"12800",,"https://img.staticmb.com/mbphoto/property/cropped_images/2025/Feb/18/Photo_h180_w240/77844773_1_IMG7004_180_240.jpeg"
"77734665","12000-Sq-ft-Industrial-Shed-FOR-Sale-in-Bangalore&id=4d423737373334363635"," Industrial Shed for Resale in ","2025-08-14T17:35:02.000Z","Visitor Parking","144000000","12000","₹","FOR SALE Premium 9500 sq. ft. PEB Shed with EOT Crane and Dual Entrances in Peenya 2nd StageProperty FeaturesType AType PreEngineered Building PEB Shed.Size Spacious 9500 sq. ft. builtup area.Infrastructure Includes an EOT Crane Electric Overhead Traveling Crane for industrial and materialhandling operations.Accessibility Designed with two side entrances, ensuring smooth and efficient material movement, ideal for logistics and operations.Prime Location Situated in Peenya 2nd Stage, one of Bangalores  industrial zones, just 500 meters from Peenya 2nd Stage bus stand","This factory land is for sale in peenya second stage, is situated across a an area of 12000 square feet, and is listed at a competitive price of ₹14.40 Cr. Constructed on the plot area of 9500.0 square feet, this shed is well-sized. Essential facilities such as visitor parking are available with this industrial shed. The following address Bangalore, Karnataka, is where you may view the industrial shed that is for sale.",,,,,,,,,,,,"varun",,,"12850",,,,,"Bangalore",,"Bangalore, Karnataka",,,"12800",,"https://img.staticmb.com/mbphoto/property/cropped_images/2025/Feb/12/Photo_h180_w240/77734665_19_c5a7da147aa496d9258f43a36917854_180_240.jpg"
"51569231","2800-Sq-ft-Industrial-Shed-FOR-Sale-Padarayana-Pura-in-Bangalore&id=4d423531353639323331"," Industrial Shed for Resale in Padarayana Pura","2025-08-13T17:35:02.000Z","Visitor Parking","25000000","8929","₹","Sophisticatedly constructed & masterfully planned, here is an extensive commercial office space up for sale in one of the coveted locales of Padarayana Pura, Bangalore. So, seize this property as soon as possible to run a booming business and reach the pinnacle of success within a short time...!Property SpecificationsStrategically located in one of the sought-after areas, this exclusive office space gains more demand & value. Hence, investing in this commercial property is no doubt a smart decision and is a right choice to set up your desired business.  Approved by Bruhat Bengaluru Mahanagara Palike, this corner positioned office space is advantageously situated on the ground floor of the 1-storey building and is outfitted with necessary electrical fixtures like lights & fans.Categorized under grade 'B' building class & LEED-certified, this unfurnished office space is a factory shed that can be customized as per your choices and needs whereas 1 washroom is available for the convenience of the workers. For robust usage, this entire office space is finely covered with the stone flooring. Further, this property is best suitable for a small scale factory or any type of commercial space. Moreover, this commercial property is located on a private road at the dead end so loading and unloading can be done efficiently whereas heavy vehicles like lorries, trucks, etc can also move in & out very easily. FacilitiesAn open parking space is available for this complex to accommodate your vehicles systematically. A sufficient amount of water supply for 24hours is provided in this office space. LocalityThis commercial property enjoys excellent connectivity to all the important destinations thus it would be an ideal place to set up your business venture. For any medical assistance, you can find many reputed hospitals within 1.5 to 2kms from this office space. Further, several famous shopping malls are also available within 1.5 to 2kms from this building. Numerous major banks and ATMs are found nearby for any banking requirements. Commuting is also not an issue, as you can access the metro station at 1.5kms, the railway station within 2 to 2.5kms and various public transportation within the proximity of this commercial complex.","Up for sale in Padarayana Pura, this industrial shed occupies a super built up area of 2800 square feet and is available at ₹2.50 Cr price. Essential facilities such as visitor parking are available with this industrial shed. The industrial shed is close to important the landmark government school. You can view this industrial shed on sale at the following address: Padarayana Pura, Bangalore - Central, Karnataka.",,"19203|Manipal The Prevention Centre","19210|Mysore Road",,,,,,,"government school","12.96242364,77.55220594","Feneel",,,,,,"East",,"Bangalore",,"Bangalore, Karnataka","2800",,"12800",,"https://img.staticmb.com/mbphoto/property/cropped_images/2020/Oct/27/Photo_h180_w240/51569231_6_PropertyImage1603764834326_180_240.jpg"
"69804423","1200-Sq-ft-Industrial-Shed-FOR-Sale-Choodasandra-in-Bangalore&id=4d423639383034343233"," Industrial Shed for Resale in Choodasandra","2025-07-28T16:50:31.000Z",,"4000000","3333","₹","Industrial land is available for rent. It has a plot area of 1200 sq-ft, it is a good location property. Please contact for more details","Priced at a reasonable price of ₹40 Lac, this Industrial shed is available for sale in Choodasandra and has a super built up area of 1200 square feet. The industrial shed is located in proximity to grsitara apartment. The following address Choodasandra, Bangalore - South, Karnataka, is where you may view the industrial shed that is for sale.",,"19202|Dame Academy Oxford School","19202|Amrita School of Engineering",,,,,,,"GRSitara apartment","12.8871,77.6792","Kavitha Sridhar Gorantla",,,,,,"East",,"Bangalore",,"Bangalore, Karnataka","1200",,"12800",,"https://img.staticmb.com/mbphoto/property/cropped_images/2023/Nov/04/Photo_h180_w240/69804423_3_PropertyImage682-0346463178192_180_240.jpg"
"38431847","4500-Sq-ft-Industrial-Shed-FOR-Sale-Hoskote-Chintamani-Road-in-Bangalore&id=4d423338343331383437"," Industrial Shed for Resale in Hoskote Chintamani Road","2025-08-14T17:35:02.000Z",,"15000000","3333","₹","  Industrial Shed is available for Sale in Hoskote Chintamani Road, Bangalore for 1.5 Crore(s)","This industrial shed is for sale in Hoskote Chintamani Road and is situated across a highly developed area of 4500 square feet. The asking price is ₹1.50 Cr. The following address can be used to learn more about this factory land  for sale: Hoskote Chintamani Road, Bangalore - Bangalore Rural, Karnataka.",,"19201|Kalatmak Spatial Systems Pvt Ltd","19201|Pepperfry",,,,,,,,"13.12397343,77.84427048","Suma Suma G",,,,,,,,"Bangalore",,"Bangalore, Karnataka","4500",,"12800",,"https://img.staticmb.com/mbphoto/property/cropped_images/2024/Jan/29/Photo_h180_w240/4154_Screenshot20240129212807WhatsApp_180_240.jpg"
"76184087","2400-Sq-ft-Industrial-Shed-FOR-Sale-Seegehalli-in-Bangalore&id=4d423736313834303837"," Industrial Shed for Resale in Seegehalli","2025-05-15T14:03:06.000Z",,"7500000","3125","₹","  Industrial Shed is available for Sale in Seegehalli, Bangalore for 75.0 Lac(s)","This industrial shed is for sale in Seegehalli and is situated across a highly developed area of 2400 square feet. The asking price is ₹75 Lac. For further details on this factory land for sale, the address is Seegehalli, Bangalore - West, Karnataka.",,"19201|Inox","19203|Akwin Hospital",,,,,,,,"12.9781010709854,77.4468531514954","Shashidar K",,,,,,,,"Bangalore",,"Bangalore, Karnataka","2400",,"12800",,"https://img.staticmb.com/mbphoto/property/cropped_images/2025/Jun/08/Photo_h180_w240/4583_IMG20240929WA0002_180_240.jpg"
"75245809","1600-Sq-ft-Industrial-Shed-FOR-Sale-Hoskote-in-Bangalore&id=4d423735323435383039"," Industrial Shed for Resale in Hoskote","2025-06-03T23:36:25.000Z",,"4000000","2500","₹","Discover the perfect opportunity for your business with this newly constructed industrial shed for sale in Hoskote, Bangalore! This spacious property offers an ideal setting for various industrial purposes, situated in a prime location that ensures both accessibility and visibility.Property SpecificationsThis impressive industrial shed features a super area of 1600 sq ft all on the ground floor, providing a huge open space that can accommodate a variety of industrial operations. The property comes semi-furnished, with durable concrete flooring that is both functional and easy to maintain. With its main road-facing position, the shed guarantees excellent visibility for your business. Additionally, the space is Vaastu compliant, promoting positive energy and well-being. Natural light and ventilation flow through the property, creating a comfortable and productive working environment.FacilitiesThis industrial shed is equipped with essential facilities to support your business needs. Enjoy the convenience of covered parking for your vehicles, along with 24-hour water supply and 100% power backup, ensuring your operations run smoothly without interruptions. Security is a top priority, with an on-site security guard and CCTV surveillance installed for added safety and peace of mind.LocalityStrategically located near the Medi Mallasandra bus stop, this industrial shed is surrounded by essential amenities. Hospitals, malls, and supermarkets are all within a 2 km radius, providing easy access to necessary services. Public transport options are readily available, with buses and autos frequently servicing the area. Additionally, banks and ATMs are conveniently located nearby, ensuring easy financial transactions. For those traveling by rail, the nearest railway station is 7 to 8 km away, enhancing connectivity.This industrial shed for sale in Hoskote, Bangalore, presents a unique opportunity for businesses looking to establish themselves in a thriving industrial area. Don’t miss out on this chance to invest in a well-equipped space that meets all your operational needs!","This factory land is for sale in Hoskote, is situated across a an area of 1600 square feet, and is listed at a competitive price of ₹40 Lac. You can view this industrial shed on sale at the following address: Hoskote, Bangalore - Bangalore Rural, Karnataka.",,"19201|Methods India Pvt Limited","19201|Aveksa Life Sciences(Opc)Pvt Limited","19202|Hello Kids - Saigokula Preschool","19202|Sri Maruthi Pu college Hoskote","19203|Shreyas Maternity Home","19203|Siliconcity Hospitals in Hoskote Bangalore","19210|Hoskote Govt Hospital Bus Stop","19210|KSRTC Bus Station",,"13.0689366,77.7968211","Sarkar",,,,,,,,"Bangalore",,"Bangalore, Karnataka","1600",,"12800",,"https://img.staticmb.com/mbphoto/property/cropped_images/2024/Oct/27/Photo_h180_w240/4886_IMG20241027WA0005_180_240.jpg"
"73850923","2100-Sq-ft-Industrial-Shed-FOR-Sale-Hirohalli-in-Bangalore&id=4d423733383530393233"," Industrial Shed for Resale in Herohalli Sunkadakatte","2025-07-17T17:35:02.000Z",,"23100000","11000","₹","Industrial Shed is available for sale. It has a Covered area of 2100 sq-ft, it is a good location property. Please contact for more details","This factory land is for sale in Hirohalli, is situated across a an area of 2100 square feet, and is listed at a competitive price of ₹2.31 Cr. This commercial building is available to visit at the following address Hirohalli, Bangalore - West, Karnataka.",,"19202|The Great Eastern International Public School",,,,,,,,,"12.99139299,77.48871221","Umesh g",,,,,,,,"Bangalore",,"Bangalore, Karnataka","2100",,"12800",,
"67432109","5500-Sq-ft-Industrial-Shed-FOR-Sale-Peenya-Industrial-Area-Phase-3-in-Bangalore&id=4d423637343332313039"," Industrial Shed for Resale in Phase 3 Peenya","2025-08-09T17:35:02.000Z",,"70000000","12727","₹","Industrial shed is available for sale. It has a covered area of 5500 sqft, it is a good location property. Please contact for more details.","This Industrial shed is available for sale in Peenya Industrial Area Phase 3 is spread across a super built up area of 5500 square feet, and is priced at a reasonable rate of ₹7 Cr. The following address Peenya Industrial Area Phase 3, Bangalore - West, Karnataka, is where you may view the industrial shed that is for sale.",,"19203|Sanjeevani Nursing Home","19210|Majestic City Railway Station And Bus Station",,,,,,,,"13.02250622,77.51721982","Nabras",,,,,,,,"Bangalore",,"Bangalore, Karnataka","5500",,"12800",,
"53366011","2350-Sq-ft-Industrial-Shed-FOR-Sale-Rajaji-Nagar-in-Bangalore&id=4d423533333636303131"," Industrial Shed for Resale in Rajajinagar","2025-08-08T17:35:01.000Z",,"28200000","12000","₹","  Industrial Shed is available for Sale in Rajajinagar, Bangalore for 2.8 Crore(s)","This Industrial shed is available for sale in Rajaji Nagar is spread across a super built up area of 2350 square feet, and is priced at a reasonable rate of ₹2.82 Cr. The following address can be used to learn more about this factory land  for sale: Rajaji Nagar, Bangalore - Central, Karnataka.",,"19201|Golden Heights","19201|Rajaji Nagar It Park","19202|NPS Global Montessori Centre","19202|Vidya Vardhaka Sangha","19203|Chamumoi Hospital","19203|Fortis Hospital","19210|Rashtrakavi Kuvempu Road Metro Station, Bangalore","19210|Mahakavi Kuvempu Road Metro Station",,"12.99488039,77.55623702","salini",,,,,,,,"Bangalore",,"Bangalore, Karnataka","2350",,"12800",,
"64935967","4200-Sq-ft-Industrial-Shed-FOR-Sale-Begur-in-Bangalore&id=4d423634393335393637"," Industrial Shed for Resale in Begur","2025-08-24T17:35:01.000Z",,"15000000","3571","₹","  Industrial Shed is available for Sale in Begur, Bangalore for 1.5 Crore(s)","This industrial shed is for sale in Begur and is situated across a highly developed area of 4200 square feet. The asking price is ₹1.50 Cr. For further details on this factory land for sale, the address is Begur, Bangalore - South, Karnataka.",,"19202|The Salonee Public School","19202|Brilliant Academy School","19203|Vijayashree Multi Speciality Hospital","19203|Jayashree Multi Speciality Hospital","19210|Chikkabegur Metro Station","19210|Begur Vishwapriya Layout Junction Bus Stop",,,,"12.877316,77.6381045","Anand",,,,,,,,"Bangalore",,"Bangalore, Karnataka","4200",,"12800",,
"27762735","2200-Sq-ft-Industrial-Shed-FOR-Sale-Vijayanagar-in-Bangalore&id=4d423237373632373335"," Industrial Shed for Resale in Vijayanagar","2025-08-24T17:35:01.000Z",,"20000000","9091","₹","its an factory shed with 2 washrooms...with 7 and 5 BHP of power ...","Located in Vijayanagar, this industrial shed is up for sale in and spans across a super-built area of 2200 square feet. It is priced at a fair cost of ₹2 Cr. The industrial shed occupies a plot with a surface size of 2340.0 square feet. For further details on this factory land for sale, the address is Vijayanagar, Bangalore - Central, Karnataka.",,"19201|GT World Mall - Bengaluru","19201|Vijaynagar Market","19202|R.V. College Of Engineering","19202|LR English School","19203|Manasa Hospital","19203|Gurushree Hitech Multispeciality Hospital","19210|Attiguppe Metro Station","19210|Vijayanagar Metro Station, Bangalore",,"12.97245574,77.53202141","T Vishnusa",,,"12850",,,,,"Bangalore",,"Bangalore, Karnataka","2200",,"12800",,
"74786667","3800-Sq-ft-Industrial-Shed-FOR-Sale-Magadi-Main-Road-in-Bangalore&id=4d423734373836363637"," Industrial Shed for Resale in Magadi Main Road","2025-09-02T08:01:07.000Z",,"25000000","6579","₹","This is a Industrial Conversion property and road is 40ft width, water storage available, Borewell installed and 40hp and 63kva power available and TC installed. This is a very good investment for you because BDA layout Nadaprabhu Kempe Gowda Layout attached future metro is coming and this industrial shed is 500 meters from main road. It is connectivity to Kengeri, Ramnagara and Bidadi. It is also connectivity to Sondekoppa, Nelamangala and Tumkur Road. Connectivity to Kunigal and Hasan. future metro is extending from Sumanahalli to Tavarekere.","The industrial shed occupies a plot with a surface size of 4675.0 square feet. The industrial shed is close to important the landmark the property is connectivity to kengeri, kunigal and tumkur road.. For further details on this industrial shed for sale, the address is Magadi Main Road, Bangalore - West, Karnataka.",,"19202|Brite College Of Nursing And Avk Group Of Institution","19202|Acharya s Bangalore Business School",,,,,,,"The property is connectivity to Kengeri, Kunigal and Tumkur Road.","12.96986775,77.4120635","Jayaram",,,"12850",,,,,"Bangalore",,"Bangalore, Karnataka","3800",,"12800",,"https://img.staticmb.com/mbphoto/property/cropped_images/2025/Sep/02/Photo_h180_w240/74786667_2_0240106141141_180_240.jpg"
"41386219","20000-Sq-ft-Industrial-Shed-FOR-Sale-Bangalore-Hyderabad-Highway-in-Bangalore&id=4d423431333836323139"," Industrial Shed for New Property in Bangalore Hyderabad Highway","2025-08-30T17:35:01.000Z","Visitor Parking","30000000","1500","₹","It is a newly constructed ready made garment industrial shed.","The industrial shed comes with amenities like visitor parking that are necessary. The landmark beside new wipro factory. is situated near this industrial shed. For further details on this factory land for sale, the address is Bangalore Hyderabad Highway, Bangalore - Chikkaballapura, Karnataka.",,,,,,,,,,"Beside New Wipro Factory.","13.16663327,77.63062224","Balaji Mudugal",,,,,,,,"Bangalore",,"Bangalore, Karnataka",,,"12800",,"https://img.staticmb.com/mbphoto/property/cropped_images/2023/Mar/10/Photo_h180_w240/caee358-c0c3-4a68-9afb-e0c208903076_41386219_180_240.jpg"
"41386219","20000-Sq-ft-Industrial-Shed-FOR-Sale-Bangalore-Hyderabad-Highway-in-Bangalore&id=4d423431333836323139"," Industrial Shed for New Property in Bangalore Hyderabad Highway","2025-08-30T17:35:01.000Z","Visitor Parking",,"1500","₹","It is a newly constructed ready made garment industrial shed.","The industrial shed comes with amenities like visitor parking that are necessary. The landmark beside new wipro factory. is situated near this industrial shed. For further details on this factory land for sale, the address is Bangalore Hyderabad Highway, Bangalore - Chikkaballapura, Karnataka.",,,,,,,,,,"Beside New Wipro Factory.","13.16663327,77.63062224","Balaji Mudugal",,,,,,,,"Bangalore",,"Bangalore, Karnataka",,,"12800",,"https://img.staticmb.com/mbphoto/property/cropped_images/2023/Mar/10/Photo_h180_w240/caee358-c0c3-4a68-9afb-e0c208903076_41386219_180_240.jpg"
"47249817","6000-Sq-ft-Industrial-Shed-FOR-Sale-Singasandra-in-Bangalore&id=4d423437323439383137"," Industrial Shed for Resale in Singasandra, Hosur Road","2025-07-29T17:35:02.000Z",,"27000000","4500","₹","Industrial shed is available for sale. It is Plot area 6000 Sq-ft.","The industrial shed is located on an area of 6000.0 square feet.  The landmark near by hosur road. is situated near this industrial shed. For further details on this factory land for sale, the address is Singasandra, Bangalore - South, Karnataka.",,"19202|New Bishop Cotton High School","19202|Bluebell Public School","19203|Teatree Hospital & Diagnostic Centre","19203|Hospitec","19210|Singasandra Bus Stop",,,,"Near by Hosur Road.","12.8803174,77.6478945","varghese",,,"12850",,,,,"Bangalore",,"Bangalore, Karnataka",,,,,
"72861511","Industrial-Shed-FOR-Sale-Srirampuram-in-Bangalore&id=4d423732383631353131"," Industrial Shed for Resale in Srirampura","2025-07-18T17:35:01.000Z","RO Water System,Service/Goods Lift","25000000",,"₹","  Industrial Shed is available for Sale in Srirampura, Bangalore ","Associated with necessary amenities like ro water system,service/goods lift is the industrial shed. The following address Srirampuram, Bangalore - Central, Karnataka, is where you may view the industrial shed that is for sale.",,"19201|VM Complex","19202|Best Civil Services Coaching ","19202|Readwell Convent School","19210|Malleswaram Railway Station",,,,,,"12.9951812,77.56696234","Pallavi",,,,,,,,"Bangalore",,"Bangalore, Karnataka",,,,,"https://img.staticmb.com/mbphoto/property/cropped_images/2024/May/17/Photo_h180_w240/72861511_2_PropertyImage298-5332060367063_180_240.jpg"
"69103357","Industrial-Shed-FOR-Sale-Soladevanahalli-in-Bangalore&id=4d423639313033333537"," Industrial Shed for Resale in Soladevanahalli","2025-07-18T17:35:01.000Z","Air Conditioned","13500000",,"₹","  Industrial Shed is available for Sale in Soladevanahalli, Bangalore ","Industrial shed comes with essential facilities like air conditioned. This commercial building is available to visit at the following address Soladevanahalli, Bangalore - West, Karnataka.",,,,,,,,,,,"13.0854299,77.482105","Suresha K",,,,,,"East",,"Bangalore",,"Bangalore, Karnataka",,,,,"https://img.staticmb.com/mbphoto/property/cropped_images/2023/Sep/16/Photo_h180_w240/69103357_2_PropertyImage394-39856486076576_180_240.jpg"
"81161773","780-Sq-ft-Industrial-Shed-FOR-Sale-in-Bangalore&id=4d423831313631373733"," Industrial Shed for Resale in ","2025-09-01T05:10:18.000Z",,,,"₹","The industrial shed is available for rent. It is a good location property. Please contact for more details.","For further details on this industrial shed for sale, the address is Bangalore, Karnataka.",,,,,,,,,,,,"sharath kumar v",,,,,,,,"Bangalore",,"Bangalore, Karnataka","780",,"12800",,
"80140423","5100-Sq-ft-Industrial-Shed-FOR-Sale-Peenya-Industrial-Area-in-Bangalore&id=4d423830313430343233"," Industrial Shed for Resale in Peenya","2025-06-23T13:15:10.000Z",,,,"₹","  Industrial Shed is available for Sale in Peenya, Bangalore ","You can view this industrial shed on sale at the following address: Peenya Industrial Area, Bangalore - West, Karnataka.",,"19201|A One Super Market","19201|Infrantry Techno Park","19202|MS Ramaiah University of Applied Sciences","19202|Bnr Public School","19203|Columbia Asia Referral Hospital ? Yeshwanthpur","19203|CNK Reddy College of Pharmacy","19210|Jalahalli Metro Station","19210|Jalahalli Metro Station, Bangalore",,"13.0270205,77.5116465","Venkatakrishnan",,,,,,,,"Bangalore",,"Bangalore, Karnataka","5100",,"12800",,
"79570615","11000-Sq-ft-Industrial-Shed-FOR-Sale-in-Bangalore&id=4d423739353730363135"," Industrial Shed for Resale in ","2025-05-21T01:25:23.000Z",,"45000000","4091","₹","  Industrial Shed is available for Sale in , Bangalore for 4.5 Crore(s)","This Industrial shed is available for sale in Hosakote is spread across a super built up area of 11000 square feet, and is priced at a reasonable rate of ?4.50 Cr. You can view this industrial shed on sale at the following address: Bangalore, Karnataka.",,,,,,,,,,,,"Chandan Kumar",,,,,,,,"Bangalore",,"Bangalore, Karnataka",,,"12800",,"https://img.staticmb.com/mbphoto/property/cropped_images/2025/May/21/Photo_h180_w240/79570615_2_MG2012052900496_180_240.jpg"
"73850459","2100-Sq-ft-Industrial-Shed-FOR-Sale-Hirohalli-in-Bangalore&id=4d423733383530343539"," Industrial Shed for Resale in Herohalli Sunkadakatte","2025-07-17T17:35:02.000Z",,"23100000","11000","₹","  Industrial Shed is available for Sale in Herohalli Sunkadakatte, Bangalore for 2.3 Crore(s)","Located in Hirohalli, this industrial shed is up for sale in and spans across a super-built area of 2100 square feet. It is priced at a fair cost of ₹2.31 Cr. The following address can be used to learn more about this factory land  for sale: Hirohalli, Bangalore - West, Karnataka.",,"19202|The Great Eastern International Public School",,,,,,,,,"12.99139299,77.48871221","Umesh g",,,,,,,,"Bangalore",,"Bangalore, Karnataka","2100",,"12800",,"https://img.staticmb.com/mbphoto/property/cropped_images/2024/Jul/16/Photo_h180_w240/73850459_2_IMG20240508WA0013_180_240.jpg"
