"id","url","name","posted_date","amenities","price","price_per_sq_ft","currency","description","seo_description","landmark_details","landmark_details/0","landmark_details/1","landmark_details/2","landmark_details/3","landmark_details/4","landmark_details/5","landmark_details/6","landmark_details/7","landmark_details/8","landmark","location","owner_name","company_name","carpet_area","land_area_unit","balconies","bathrooms","facing","floors","city_name","bedrooms","address","covered_area","carp_area_unit","cov_area_unit","operating_since","image_url"
"79704445","2-BHK-4000-Sq-ft-Farm-House-FOR-Sale-Doddaballapur-Main-Road-in-Bangalore&id=4d423739373034343435","2BHK Farm House for New Property in Doddaballapur Main Road","2025-09-07T23:45:29.000Z","Bar/Lounge,Air Conditioned,Banquet Hall,Jogging and Strolling Track,Outdoor Tennis Courts,Laundry Service,RO Water System,Service/Goods Lift,Visitor Parking,Intercom Facility","45000000","11250","₹","Avillion Farms goes above and beyond in providing unparalleled luxury, sophistication, functionality, comfort and style that come together in perfect harmony in a home that inspires the Future of Living.","Spread across a carpet area of 4000 sqft square feet, this 2 BHK farm house is available for sale in Doddaballapur Main Road. This farm house with easy access to other amenities comes at an affordable price. This sale property is available for sale with all the basic amenities in the vicinity. You can purchase this semi-furnished farmhouse and live comfortably with your loved ones. For parking, this farm house provides you 2 covered spaces. Situated in a prime location, this farmhouse also has the luxury of Study additional rooms. This farmhouse is located close to verdant landscape in thondebhavi, dhodballapur, towards north bangalor.This farmhouse is located close to verdant landscape in thondebhavi, dhodballapur, towards north bangalor.",,"19202|Kendriya Vidyalaya Crpf","19202|K B M Blossom Public School","19203|Nandi Multispeciality Hospital","19203|Rajdhani Nursing Home","19210|Rajanukunte Railway Station",,,,,"verdant landscape in Thondebhavi, Dhodballapur, towards North Bangalor","13.20134058,77.56059071","CityScape Consulting","City Scape Consulting  ","4000","12850",,"3","North",,"Bangalore","2","Bangalore, Karnataka","4000",,"12800",,"https://img.staticmb.com/mbphoto/property/cropped_images/2025/May/26/Photo_h180_w240/79704445_6_hatsAppImage20240208at12.36.33PM1_180_240.jpeg"
"80201309","3-BHK-27000-Sq-ft-Farm-House-FOR-Sale-Gopasandra-in-Bangalore&id=4d423830323031333039","3BHK Farm House for Resale in Gopasandra","2025-09-09T23:45:26.000Z","Bar/Lounge,Air Conditioned,Banquet Hall,Jogging and Strolling Track,Laundry Service,Internet/Wi-Fi Connectivity,RO Water System,Visitor Parking,Intercom Facility,Conference Room","690000000","25556","₹","Luxurious Villa Farmhouse available for sale near Nambiar Bellezea on Sarjapur Main Road, Gopasandra. Plot size is 27000 Sqft 100X270.It has 3 BHK Lavish house with swimming pool, cricket pitch net, 70 percent of Open Space.","A 3 BHK farmhouse is available at a reasonable selling price in the prime locality of Gopasandra. Worth every penny, this farmhouse sprawls across a carpet area of 5000 sqft square feet and enjoys amazing connectivity to the other parts of the city and social amenities. Available for sale, this furnished farmhouse can be purchased and is resale property with all the basic amenities present close by. The farm house is 5 to 10 years years old. The farmhouse  has spacious 7 open spaces for positioning your cars and other vehicles. This strategically located farmhouse has Puja Room, Study, Store and Servant Room additional rooms. nambiar bellezea is the nearest landmark to this property.",,"19202|Government Model Primary School","19202|Siri Shrine PU College",,,,,,,,"Nambiar Bellezea","12.84407822,77.7414036","Krishna M",,"5000","12850",,"4","East",,"Bangalore","3","Bangalore, Karnataka",,,"12800",,
"81286517","1-BHK-6000-Sq-ft-Farm-House-FOR-Sale-Nelamangala-Road-in-Bangalore&id=4d423831323836353137","1BHK Farm House for Resale in Nelamangala Road","2025-09-09T23:32:33.000Z","Air Conditioned,Banquet Hall,Jogging and Strolling Track,Internet/Wi-Fi Connectivity,RO Water System,Visitor Parking,Intercom Facility","5500000","917","₹"," Invest Smart, Live Green  SR Avni Greens  Near Nelamangala  Doddaballapur SH-74  Railway Gollahalli Looking for the perfect blend of Nature   Peace   Profits Welcome to SR Avni Greens, your gateway to premium farm living with long-term value  Own Your 6000 Sqft Farm Unit With 25  Organic Plantation Trees Gated Community","A 1 BHK farmhouse is available at a reasonable selling price in the prime locality of Nelamangala Road. Worth every penny, this farmhouse sprawls across a carpet area of 450 sqft square feet and enjoys amazing connectivity to the other parts of the city and social amenities. Available for sale, this semi-furnished farmhouse can be purchased and is resale property with all the basic amenities present close by. This strategically located farmhouse has Puja Room, Study and Servant Room additional rooms.",,,,,,,,,,,,"13.00938098,77.42515461","Ramesh",,"450",,,"1","East",,"Bangalore","1","Bangalore, Karnataka","6000",,"12800",,"https://img.staticmb.com/mbphoto/property/cropped_images/2025/Sep/09/Photo_h180_w240/81286517_7_PropertyImage905-2209638458093_180_240.jpg"
"75779441","4-BHK-4000-Sq-ft-Farm-House-FOR-Sale-Kalyan-Nagar-in-Bangalore&id=4d423735373739343431","4BHK Farm House for Resale in Kalyan Nagar","2025-09-04T17:35:01.000Z",,"80000000","20000","₹","Ekhata property surrounded by greenery, 60ft from the main road, 2 entrances to the property,  fully furnished 1800 sqft 4bhk house","This resale farmhouse is available for sale in a unfurnished state, with all necessary amenities in a convenient proximity. This luxuriuous and beautiful farmhouse has a construction age of Above 20 years years. The farmhouse is near to kullappa circle.",,"19201|Splendid Plaza - Kalyan Nagar","19201|Raj Arcade","19202|Royale Concode Intrnational Chool","19202|Maxwell Public School","19203|Ovum Hospital","19203|Specialist Hospital","19210|Kalyananagara Bus Stand Bus Stop",,,"kullappa circle","13.027435,77.640075","We Know De Paul",,,,,"3",,,"Bangalore","4","Bangalore, Karnataka","4000",,"12800",,"https://img.staticmb.com/mbphoto/property/cropped_images/2024/Dec/03/Photo_h180_w240/75779441_2_PropertyImage921-2102684182435_180_240.jpg"
"80734291","1-BHK-7000-Sq-ft-Farm-House-FOR-Sale-Gauribidanur-in-Bangalore&id=4d423830373334323931","1BHK Farm House for Resale in Gauribidanur","2025-09-03T23:53:10.000Z","Conference Room","4900000","700","₹","1 BHK, Farm House is available for Sale in Gauribidanur, Bangalore for 49.0 Lac(s)","You can buy this unfurnished farmhouse with all the basic amenities nearby. It is a resale property available for sale. You can safely park your vehicles at the 1 open spaces available with this farmhouse. Strategically located, this farm house also features None of these additional room. gauribidanur town is the nearest landmark to this property.",,"19202|Leaders International School",,,,,,,,,"Gauribidanur town","13.611159,77.516957","JD Homes",,,"12850",,"1","West",,"Bangalore","1","Bangalore, Karnataka","7000",,"12800",,"https://img.staticmb.com/mbphoto/property/cropped_images/2025/Aug/01/Photo_h180_w240/80734291_1_hatsAppImage20250730at11.31.07AM_180_240.jpeg"
"75865117","3-BHK-7000-Sq-ft-Farm-House-FOR-Sale-Sadashiva-Nagar-in-Bangalore&id=4d423735383635313137","3BHK Farm House for Resale in Sadashiva Nagar","2025-09-07T23:45:30.000Z","Air Conditioned","350000000","50000","₹","It is commercial plot available in Sadashiv nagar","Located in Sadashiva Nagar, this 3 BHK farm house for sale has access to all major amenities. It is spread over a carpet area of 7000 sqft square feet and is available for sale at an affordable price of ₹35 Cr. This resale property is available for sale with all the basic amenities in the vicinity. You can purchase this unfurnished farmhouse and live comfortably with your loved ones. For parking, this farm house provides you 5 covered spaces. This farm house located in the prime locality, comes with None of these additional rooms.",,"19202|Arogya Yogasana School","19202|Stella Maris School","19203|Elite Global Hospital","19203|Chirayu Hospital",,,,,,,"13.00780238,77.5810845","Kumar",,"7000",,,"4","East",,"Bangalore","3","Bangalore, Karnataka","7000",,"12800",,
"80217273","3-BHK-2000-Sq-ft-Farm-House-FOR-Sale-in-Bangalore&id=4d423830323137323733","3BHK Farm House for Resale in ","2025-08-28T17:35:01.000Z",,"18000000","9000","₹","Farm house is available for sale. It is a good location property. Please contact for more details.","Available for sale, this furnished farmhouse can be purchased and is resale property with all the basic amenities present close by.",,,,,,,,,,,,,"Neeta Mathew",,,,,"3",,,"Bangalore","3","Bangalore, Karnataka","2000",,"12800",,"https://img.staticmb.com/mbphoto/property/cropped_images/2025/Jun/28/Photo_h180_w240/80217273_1_IMG5638_180_240.jpeg"
"58661289","1-BHK-3000-Sq-ft-Farm-House-FOR-Sale-Sarjapur-in-Bangalore&id=4d423538363631323839","1BHK Farm House for Resale in Sarjapura","2025-08-31T17:35:02.000Z","Outdoor Tennis Courts,Internet/Wi-Fi Connectivity,Visitor Parking","250000000","83333","₹","East facing farm land with jogging track and mango orchard with 25 year old yielding trees.","A 1 BHK farmhouse is available at a reasonable selling price in the prime locality of Sarjapur. Worth every penny, this farmhouse sprawls across a carpet area of 3000 sqft square feet and enjoys amazing connectivity to the other parts of the city and social amenities. The farmhouse is a ready to buy resale property with all amenities available nearby and is furnished furnished. Well planned with a construction age of 15 to 20 years years, this farm house is beautiful. The farmhouse  has spacious 2 covered spaces for positioning your cars and other vehicles. This farm house located in the prime locality, comes with Puja Room, Study, Store and Servant Room additional rooms. The property can be easily located through the nearby property is close to international school  tisb and wipro sez . landmarks.",,"19202|St. Philomena's English School","19202|Sardar Vallabhabai Patel Education Society","19203|Motherhood","19210|Sarjapura Bus Stop",,,,,,"Property is close to International school  TISB and WIPRO SEZ .","12.8539625,77.7889754","Ashok Kumar",,"3000","12850",,"5","East",,"Bangalore","1","Bangalore, Karnataka","3000",,"12800",,"https://img.staticmb.com/mbphoto/property/cropped_images/2024/Dec/01/Photo_h180_w240/58661289_3_131cddc1b634ef1ac646c7aac31fb24_180_240.jpeg"
"79817345","1-BHK-20-Guntha-Farm-House-FOR-Sale-in-Bangalore&id=4d423739383137333435","1BHK Farm House for Resale in ","2025-08-11T22:30:43.000Z",,"12000000","51","₹","Farm house is available for sale. It is a good location. Please contact for more details.","You can buy this unfurnished farmhouse with all the basic amenities nearby. It is a resale property available for sale.",,,,,,,,,,,,,"basavaraju c",,,,,"1",,,"Bangalore","1","Bangalore, Karnataka","20",,"12819",,
"67801015","1100-Sq-ft-Farm-House-FOR-Sale-Industrial-Layout-in-Bangalore&id=4d423637383031303135"," Farm House for Resale in Industrial Layout","2025-09-06T08:34:41.000Z",,"20000000","18182","₹","1200 Sq-ft Farm House is available for Sale in Industrial Layout, Bangalore for 2.0 Crore(s)",,,"19210|Chikkabegur Metro Station",,,,,,,,,,"12.88190141,77.63474802","Surendra",,,"12850",,,,,"Bangalore",,"Bangalore, Karnataka","1100",,"12800",,
"80695885","2-BHK-18000-Sq-ft-Farm-House-FOR-Sale-Shidlaghatta-Diburahalli-Road-in-Bangalore&id=4d423830363935383835","2BHK Farm House for Resale in Shidlaghatta Diburahalli Road","2025-07-29T11:16:49.000Z","Jogging and Strolling Track,Visitor Parking","12000000","667","₹","Fully developed farm house with all the grown up fruit trees with multiple flower plants including different coloured roses, different coloured hibiscus and many more plants with lotus pond. 2bhk fully furnished villa which is fully covered with lawn and fruit trees total area is 18000sft which is residencially converted which is fully fenced with entrance gate the whole project is  about 9.5acres gated society with clubhouse and swimmin pool. And proper maintenance is done regularly. And this place is about 30 to 35 minuts from Bangalore international Air port.","Spend quality time with your friends and family in this 2 BHK farm house in the posh locality of Shidlaghatta Diburahalli Road, with the best amenities and connectivity at a value for money price of ₹1.20 Cr and 1600 sqft square feet carpet area. The farmhouse is a ready to buy resale property with all amenities available nearby and is furnished furnished. Well planned with a construction age of 5 to 10 years years, this farm house is beautiful. 4 open spaces are available along with this farmhouse where you can park your vehicle. This strategically located farmhouse has Store additional rooms. The shidaghatta diddurahalli road bhashettahalli. shares the closest proximity with this beautiful farmhouse.",,,,,,,,,,,"Shidaghatta diddurahalli Road Bhashettahalli.","13.44948973,77.85670817","Raghunath",,"1600","12850",,"2","North",,"Bangalore","2","Bangalore, Karnataka",,,"12800",,
"80557393","7-BHK-6000-Sq-ft-Farm-House-FOR-Sale-Shidlaghatta-Diburahalli-Road-in-Bangalore&id=4d423830353537333933","7BHK Farm House for Resale in Shidlaghatta Diburahalli Road","2025-07-19T17:28:08.000Z",,"3000000","500","₹","7 BHK, Farm House is available for Sale in Shidlaghatta Diburahalli Road, Bangalore for 30.0 Lac(s)","A 7 BHK farmhouse is available at a reasonable selling price in the prime locality of Shidlaghatta Diburahalli Road. Worth every penny, this farmhouse sprawls across a carpet area of 6000 sqft square feet and enjoys amazing connectivity to the other parts of the city and social amenities. The farmhouse is a ready to buy resale property with all amenities available nearby and is furnished furnished.",,,,,,,,,,,,"13.44948973,77.85670817","Balaji",,"6000",,,"7","North - West",,"Bangalore","7","Bangalore, Karnataka","6000",,"12800",,"https://img.staticmb.com/mbphoto/property/cropped_images/2025/Jul/19/Photo_h180_w240/80557393_1_PropertyImage650-8139899199781_180_240.jpg"
"81151827","1-BHK-30000-Sq-ft-Farm-House-FOR-Sale-Yerthiganahalli-Devanahalli-in-Bangalore&id=4d423831313531383237","1BHK Farm House for New Property in Yerthiganahalli Devanahalli","2025-08-30T20:52:58.000Z","Intercom Facility","100000000","3333","₹","A resort with 15 rooms, built on a plot measuring 16800 sft, suitable for hotel industry, resort, home stay, fully furnished, very near to Devanahalli, Nandi Hills. with garden, income generating, 1 Hor drive from Manyata Tech park, for sale at Rs.10 crores. Our service charge is 1 percent of the total sale transaction with applicable taxes extra","Available at a reasonable selling price is a 1 BHK farm house located in the prime area of Yerthiganahalli Devanahalli. This property spreads across a carpet area of 25000 sqft square feet and has easy access to the major amenities of the city. You can buy this furnished farmhouse with all the basic amenities nearby. It is a sale property available for sale. The farmhouse  has spacious 1 covered spaces for positioning your cars and other vehicles. This farmhouse enjoys a strategic location with Store and Servant Room additional rooms. The property can be easily located through the nearby 25 minutes drive from bangalore international airport landmarks.",,,,,,,,,,,"25 minutes drive from Bangalore International airport","13.25504598,77.68977786","Krupa","Weavers Nest","25000","12850",,"1","West",,"Bangalore","1","Bangalore, Karnataka",,,"12800",,
"68874971","3-BHK-1800-Sq-ft-Farm-House-FOR-Sale-Attibele-in-Bangalore&id=4d423638383734393731","3BHK Farm House for Resale in Attibele","2025-09-02T17:35:02.000Z",,"29900000","16611","₹","3 BHK, Farm House is available for Sale in Attibele, Bangalore for 2.9 Crore(s)","The farmhouse is a ready to buy resale property with all amenities available nearby and is unfurnished furnished.",,"19201|Hosur It Park","19201|Jp It Park","19202|KLS International School","19202|St Philomenas High School","19203|Elite Hospital","19203|Attibele Health Care",,,,,"12.78052495,77.77375337","shoban babu",,,,,"3",,,"Bangalore","3","Bangalore, Karnataka","1800",,"12800",,
"69865807","1-BHK-31-Sq-ft-Farm-House-FOR-Sale-Chikkaballapur-in-Bangalore&id=4d423639383635383037","1BHK Farm House for Resale in Chikkaballapur","2025-09-03T17:35:02.000Z",,"120000000","3870968","₹","1 BHK, Farm House is available for Sale in Chikkaballapur, Bangalore for 12.0 Crore(s)","Located in the choicest region of Chikkaballapur, this 1 BHK farmhouse is equipped with all the amenities for a luxurious living. You can buy this space at a convenient cost of ₹12 Cr for a carpet area of 31 sqft square feet. You can buy this unfurnished farmhouse with all the basic amenities nearby. It is a resale property available for sale.",,"19201|Yusen Logistics India Pvt Ltd","19201|Jinke Vana Park","19202|Sri K.V.College Of Pharmacy","19202|District Central Library","19203|Polyclinic And Diagonastic","19203|Jeevan Hospital","19210|Chikkabalapur Railway Station",,,,"13.43249032,77.73228149","shankar sn",,"31",,,,,,"Bangalore","1","Bangalore, Karnataka","31",,"12800",,
"71056939","1-BHK-7-Acre-Farm-House-FOR-Sale-Hebbal-in-Bangalore&id=4d423731303536393339","1BHK Farm House for Resale in Hebbal","2025-08-26T17:35:01.000Z",,"13500000",,"₹","Excellent Sandalwood Plantation Farmland Opportunity in Andhra Pradesh. This property is a perfect blend of earning potential and rural area benefit. The location is Dodagatta Kottala in Andhra Pradesh, India, situated at the border of Andhra Pradesh and Karnataka. The land size is 7.61 acres of east.","A 1 BHK farmhouse is available at a reasonable selling price in the prime locality of Hebbal. Worth every penny, this farmhouse sprawls across a carpet area of 7 acre square feet and enjoys amazing connectivity to the other parts of the city and social amenities. Available for sale, this semi-furnished farmhouse can be purchased and is resale property with all the basic amenities present close by. This luxuriuous and beautiful farmhouse has a construction age of Less than 5 years years.",,"19201|Brigade Opus","19202|Bachpan School","19202|Kidzee","19203|Bangalore Baptist Hospital","19203|Bangalore Baptist Hospital","19210|Bangalore Baptist Hospital","19210|Kanaka Nagar Bus Stop",,,,"13.0349961,77.5981732","KushalSatrasala",,"7",,,"1","East",,"Bangalore","1","Bangalore, Karnataka",,,,,"https://img.staticmb.com/mbphoto/property/cropped_images/2024/Jan/30/Photo_h180_w240/71056939_13_MG20221027WA0006_180_240.jpg"
"73354433","2-BHK-3200-Sq-ft-Farm-House-FOR-Sale-in-Bangalore&id=4d423733333534343333","2BHK Farm House for Resale in ","2025-08-18T17:35:02.000Z",,"10500000","3281","₹","farm house with club facilities","Located in the choicest region of chitravana farm, this 2 BHK farmhouse is equipped with all the amenities for a luxurious living. You can buy this space at a convenient cost of ₹1.05 Cr for a carpet area of 1500 sqft square feet. This resale property is available for sale with all the basic amenities in the vicinity. You can purchase this semi-furnished farmhouse and live comfortably with your loved ones. The property can be easily located through the nearby gopalan twinkelers school landmarks.",,,,,,,,,,,"gopalan twinkelers school",,"Its Aisj",,"1500",,,"2","East",,"Bangalore","2","Bangalore, Karnataka","3200",,"12800",,"https://img.staticmb.com/mbphoto/property/cropped_images/2024/Jun/17/Photo_h180_w240/73354433_3_PropertyImage135-53278710531703_180_240.jpg"
"66641065","2400-Sq-ft-Farm-House-FOR-Sale-NelaMangala-in-Bangalore&id=4d423636363431303635"," Farm House for Resale in Nelamangala Town","2025-08-19T17:35:02.000Z",,"30000000","12500","₹","  Farm House is available for Sale in Nelamangala Town, Bangalore for 3.0 Crore(s)",,,"19201|RO Care India","19201|S B Super Mart","19202|Harsha International Public School","19202|Dr Sri Sri Sri Shivakumara Mahaswamy College of Engineering","19203|Amrutha superspeciality hospital","19203|Shree Dhanvantari multi speciality hospital","19210|Nelamangala Hunasemara Bus Stop","19210|Nelamangala Railway Station",,,"13.09756658,77.38554364","Nagaraj P",,,,,,,,"Bangalore",,"Bangalore, Karnataka","2400",,"12800",,
"72779619","2-BHK-3500-Sq-ft-Farm-House-FOR-Sale-Ramamurthy-Nagar-in-Bangalore&id=4d423732373739363139","2BHK Farm House for Resale in Happy Homes at Ramamurthy Nagar","2025-07-12T22:30:26.000Z","Internet/Wi-Fi Connectivity","15000000","4286","₹","Small farm hose, very near to city, on the Mai. road beautiful house","Located in Ramamurthy Nagar, this 2 BHK farm house for sale has access to all major amenities. It is spread over a carpet area of 1000 sqft square feet and is available for sale at an affordable price of ₹1.50 Cr. The farmhouse is a ready to buy resale property with all amenities available nearby and is furnished furnished. This luxuriuous and beautiful farmhouse has a construction age of Less than 5 years years.",,"19201|City Super Market","19202|Sri Chaitanya Tecno School","19202|Jaigopal Garodia Rashtrotthana Vidya Kendra","19203|Manipal Maternity","19203|Balaji Nursing Home","19210|Shanthi Layout Bus Stop",,,,,"13.01593156,77.67848763","S Babu",,"1000",,,"1","East",,"Bangalore","2","Bangalore, Karnataka","3500",,"12800",,"https://img.staticmb.com/mbphoto/property/cropped_images/2024/May/13/Photo_h180_w240/72779619_12_PropertyImage625-9524985675624_180_240.jpg"
"70239295","3-BHK-4-Acre-Farm-House-FOR-Sale-Hoskote-Chintamani-Road-in-Bangalore&id=4d423730323339323935","3BHK Farm House for Resale in Hoskote Chintamani Road","2025-07-31T17:35:01.000Z",,"70000000","402","₹","3 BHK, Farm House is available for Sale in Hoskote Chintamani Road, Bangalore for 7.0 Crore(s)","Spread across a carpet area of 2800 sqft square feet, this 3 BHK farm house is available for sale in Hoskote Chintamani Road. This farm house with easy access to other amenities comes at an affordable price. This resale farmhouse is available for sale in a unfurnished state, with all necessary amenities in a convenient proximity. Construction age of this farm house is 5 to 10 years years.",,"19201|Pepperfry","19201|Kalatmak Spatial Systems Pvt Ltd",,,,,,,,,"13.12397343,77.84427048","Rakesh",,"2800",,,"2",,,"Bangalore","3","Bangalore, Karnataka","4",,"12804",,"https://img.staticmb.com/mbphoto/property/cropped_images/2023/Dec/02/Photo_h180_w240/70239295_5_MG20231123102923_180_240.jpg"
"49304145","2-BHK-1200-Sq-ft-Farm-House-FOR-Sale-Kanakapura-Road-in-Bangalore&id=4d423439333034313435","2BHK Farm House for Resale in Kanakapura Road","2025-06-23T21:31:49.000Z",,"7200000","6000","₹","2 BHK, Farm House is available for Sale in Kanakapura Road, Bangalore for 72.0 Lac(s)","Available at a reasonable selling price is a 2 BHK farm house located in the prime area of Kanakapura Road. This property spreads across a carpet area of 600 sqft square feet and has easy access to the major amenities of the city. The farmhouse is a ready to buy resale property with all amenities available nearby and is unfurnished furnished.",,"19202|School of Engineering and Technology Jain University Bangalore","19202|GR Pre University College","19210|NICE Road Junction",,,,,,,,"12.84819789,77.52157499","madhu",,"600",,,"2","North",,"Bangalore","2","Bangalore, Karnataka","1200",,"12800",,"https://img.staticmb.com/mbphoto/property/cropped_images/2020/Jul/12/Photo_h180_w240/49304145_3_PropertyImage929-562060481691_180_240.jpg"
"68085371","1-Acre-Farm-House-FOR-Sale-Mysore-Road-in-Bangalore&id=4d423638303835333731"," Farm House for Resale in Mysore Road","2025-07-15T17:35:02.000Z",,"45000000","1033","₹","  Farm House is available for Sale in Mysore Road, Bangalore for 4.5 Crore(s)",,,"19202|Christ University Kengeri Campus","19202|Rv Engineering College","19210|Bangalore University Metro Station",,,,,,,,"12.90917257,77.47885648","Shivalingaiah",,,,,,,,"Bangalore",,"Bangalore, Karnataka","1",,"12804",,"https://img.staticmb.com/mbphoto/property/cropped_images/2023/Aug/23/Photo_h180_w240/5816_c04a0e2ce4ce40749f4d23a86f2afb9b_180_240.jpeg"
"73072309","4-BHK-2400-Sq-ft-Farm-House-FOR-Sale-Sarjapur-in-Bangalore&id=4d423733303732333039","4BHK Farm House for Resale in Pushpam Lush County at Sarjapura","2025-07-31T17:35:01.000Z",,"14500000","6042","₹","4 BHK, Farm House is available for Sale in Sarjapura, Bangalore for 1.4 Crore(s)","This farmhouse is unfurnished and has easy access to basic amenities present in close proximity. The resale property is available for immediate sale.",,"19202|New Oxford School","19202|St. Philomena's English School","19203|Motherhood","19210|Sarjapura Bus Stop",,,,,,,"12.8539625,77.7889754","unnamed apartment",,,,,"4",,,"Bangalore","4","Bangalore, Karnataka","2400",,"12800",,"https://img.staticmb.com/mbphoto/property/cropped_images/2024/May/30/Photo_h180_w240/73072309_2_PropertyImage28-702459138993607_180_240.jpg"
"68148375","1-BHK-1250-Sq-ft-Farm-House-FOR-Sale-in-Bangalore&id=4d423638313438333735","1BHK Farm House for Resale in ","2025-07-19T17:35:02.000Z",,"65000000",,"₹","1 BHK, Farm House is available for Sale in , Bangalore for 6.5 Crore(s)","Located in Near kanakapura road agara Village, this 1 BHK farm house for sale has access to all major amenities. It is spread over a carpet area of 1250 sqft square feet and is available for sale at an affordable price of ₹6.50 Cr. Available for sale, this unfurnished farmhouse can be purchased and is resale property with all the basic amenities present close by.",,,,,,,,,,,,,"K PRADEEP KUMAR",,"1250",,,,,,"Bangalore","1","Bangalore, Karnataka",,,,,
"65724203","1680-Sq-ft-Farm-House-FOR-Sale-Gauribidanur-in-Bangalore&id=4d423635373234323033"," Farm House for Resale in Gauribidanur","2025-08-08T17:35:01.000Z",,"25000000","14881","₹","  Farm House is available for Sale in Gauribidanur, Bangalore for 2.5 Crore(s)",,,"19202|Leaders International School",,,,,,,,,,"13.611159,77.516957","K H S Reddy",,,,,,,,"Bangalore",,"Bangalore, Karnataka","1680",,"12800",,
"80706211","1-BHK-5445-Sq-ft-Farm-House-FOR-Sale-Bagepalli-in-Bangalore&id=4d423830373036323131","1BHK Farm House for Resale in UTOPIA at Bagepalli","2025-07-30T07:16:20.000Z","Jogging and Strolling Track,Internet/Wi-Fi Connectivity,Conference Room","1916200",,"₹","you buy we manage for you","Available at a reasonable selling price is a 1 BHK farm house located in the prime area of Bagepalli. This property spreads across a carpet area of 5445 sqft square feet and has easy access to the major amenities of the city. This farmhouse is unfurnished and has easy access to basic amenities present in close proximity. The resale property is available for immediate sale. The bagepalli shares the closest proximity with this beautiful farmhouse.",,,,,,,,,,,"Bagepalli","13.785104,77.795206","Utopiaa Managed farmlands",,"5445",,,"1","North - East",,"Bangalore","1","Bangalore, Karnataka",,,,,"https://img.staticmb.com/mbphoto/property/cropped_images/2025/Jul/30/Photo_h180_w240/80706211_1_PropertyImage529-4857150538847_180_240.jpg"
"63282921","1-BHK-1-Hectare-Farm-House-FOR-Sale-Hoskote-in-Bangalore&id=4d423633323832393231","1BHK Farm House for Resale in Hoskote","2025-08-05T17:35:01.000Z",,"60000000","557","₹",".......................................................","You can buy this unfurnished farmhouse with all the basic amenities nearby. It is a resale property available for sale.",,"19201|AV softwares","19201|Green valley Vegetable&Fruits","19202|Sri Vivekananda Vidya Kendra","19202|Mvj Medical College & Research Centre","19203|Kempanna Hospital","19203|Shreyas Maternity Home","19210|KSRTC Bus Station","19210|Hosakote Bus Stop",,,"13.0689366,77.7968211","Jangamanna",,,,,"1",,,"Bangalore","1","Bangalore, Karnataka","1",,"12806",,"https://img.staticmb.com/mbphoto/property/cropped_images/2022/Oct/04/Photo_h180_w240/63282921_2_MG_20220927_074121_180_240.jpg"
"65578675","2-BHK-2966-Sq-ft-Farm-House-FOR-Sale-Nandi-hills-in-Bangalore&id=4d423635353738363735","2BHK Farm House for Resale in Nandi Hills","2025-07-22T17:35:01.000Z","Banquet Hall,Jogging and Strolling Track,Outdoor Tennis Courts,Visitor Parking,Conference Room","19100000","6440","₹","Kadamba is an eco-friendly residential project that is designed to offer a nature-inspired lifestyle. The 55Acre area is a paradise for nature lovers, with beautiful farm villas that are nestled in the serene surroundings of nandi hills, just a short distance from the sadhguru isha foundation. The baliThemed villas are intricately designed, offering a unique blend of luxury, relaxation, and greenery. It's a place where one can truly embrace and celebrate life while being surrounded by nature. A grand clubhouse spanning 20,000 sq-Ft that embodies the lifestyle and way of life of the future.","A 2 BHK farmhouse is available at a reasonable selling price in the prime locality of Nandi hills. Worth every penny, this farmhouse sprawls across a carpet area of 1756 sqft square feet and enjoys amazing connectivity to the other parts of the city and social amenities. This resale farmhouse is available for sale in a semi-furnished state, with all necessary amenities in a convenient proximity. The farmhouse  has spacious 2 covered spaces for positioning your cars and other vehicles. Situated in a prime location, this farmhouse also has the luxury of Store additional rooms. The farmhouse is near to just next to gitanjali international school,.",,"19202|Gitanjali International School","19203|Veterinary Hospital",,,,,,,,"Just next to Gitanjali International School,","13.38024618,77.67524007","Aditya Jha",,"1756","12850",,"2","East",,"Bangalore","2","Bangalore, Karnataka","2966",,"12800",,"https://img.staticmb.com/mbphoto/property/cropped_images/2023/Feb/11/Photo_h180_w240/65578675_4_andscape_180_240.jpg"
"55548507","3-BHK-4000-Sq-ft-Farm-House-FOR-Sale-Somanahalli-in-Bangalore&id=4d423535353438353037","3BHK Farm House for Resale in Somanahalli","2025-08-02T17:35:01.000Z",,"10500000","2625","₹","3 BHK, Farm House is available for Sale in Somanahalli, Bangalore for 1.5 Crore(s)","Located in Somanahalli, this 3 BHK farm house for sale has access to all major amenities. It is spread over a carpet area of 4000 sqft square feet and is available for sale at an affordable price of ₹1.05 Cr. This resale farmhouse is available for sale in a unfurnished state, with all necessary amenities in a convenient proximity. The farm house is 15 to 20 years years old.",,"19202|Edify School","19202|APS College of Engineering Bangalore",,,,,,,,,"12.77329304,77.50410382","tejas Gowda s",,"4000",,,"2",,,"Bangalore","3","Bangalore, Karnataka","4000",,"12800",,
"79722253","3-BHK-1600-Sq-ft-Farm-House-FOR-Sale-JP-Nagar-Phase-7-in-Bangalore&id=4d423739373232323533","3BHK Farm House for Resale in Phase 7 JP Nagar","2025-07-27T17:35:02.000Z",,"12000000","7500","₹","A farm house is available for sale. It is a good location. Please contact for more details.","Available at a reasonable selling price is a 3 BHK farm house located in the prime area of JP Nagar Phase 7. This property spreads across a carpet area of 1564 sqft square feet and has easy access to the major amenities of the city. The farmhouse is a ready to buy resale property with all amenities available nearby and is unfurnished furnished.",,"19202|Heritage Public School","19202|Capitol Public School","19203|Supra South City Hospital",,,,,,,,"12.8900549,77.57681388","kalki sagar",,"1564",,,"3",,,"Bangalore","3","Bangalore, Karnataka","1600",,"12800",,
"69635497","1-BHK-874-Sq-ft-Farm-House-FOR-Sale-Yelahanka-in-Bangalore&id=4d423639363335343937","1BHK Farm House for Resale in Yelahanka","2025-07-18T17:35:01.000Z","Air Conditioned,Internet/Wi-Fi Connectivity","13000000","14874","₹","Escape the hustle and bustle of the city for a peaceful countryside getaway. This charming one bedroom loft farmhouse is now for sale, fully furnished and move in ready. Wake up to beautiful views of the surrounding farmland from the north facing windows. Cook meals in the cozy kitchenette and dine al fresco on the inviting outdoor deck. Unwind in the garden or relax inside with a book. With security cameras and an onsite security room, you can feel at ease. Located just outside Bangalore, this dream farmhouse is perfect for weekend trips","Spend quality time with your friends and family in this 1 BHK farm house in the posh locality of Yelahanka, with the best amenities and connectivity at a value for money price of ₹1.30 Cr and 864 sqft square feet carpet area. This resale property is available for sale with all the basic amenities in the vicinity. You can purchase this furnished farmhouse and live comfortably with your loved ones. This luxuriuous and beautiful farmhouse has a construction age of Less than 5 years years. The farmhouse comes with 1 open spaces for you to place your vehicles. Situated in a prime location, this farmhouse also has the luxury of Servant Room additional rooms. This farmhouse is located close to the property is next to the jb kaval tree park avalahalli forest..This farmhouse is located close to the property is next to the jb kaval tree park avalahalli forest..",,"19201|Ayodhya Complex","19201|MVM Plaza","19202|Central College","19202|Canadian International School","19203|Sapthagiri Super Speciality Clinic","19203|Amruth Poly Clinic","19210|CS-Yelahanka Police Station Bus Stop","19210|Yelahanka Old Town bus stop",,"The property is next to the JB Kaval Tree Park Avalahalli Forest.","13.12173909,77.59683857","Reshma Raju",,"864","12850",,"2","North",,"Bangalore","1","Bangalore, Karnataka","874",,"12800",,"https://img.staticmb.com/mbphoto/property/cropped_images/2023/Oct/19/Photo_h180_w240/69635497_4_OIINTERNAL1_180_240.jpg"
"77524881","1-BHK-16000-Sq-ft-Farm-House-FOR-Sale-in-Bangalore&id=4d423737353234383831","1BHK Farm House for Resale in ","2025-08-03T17:35:02.000Z",,"45000000","2812","₹","Well curated , entire area lawn , borewell 20 hp power , useful for making resorts bungalows AIR BNB Projects","You can buy this furnished farmhouse with all the basic amenities nearby. It is a resale property available for sale. For parking, this farm house provides you 10 open spaces. The farmhouse is near to total environment after the rain project dravid padukone sport academy.",,,,,,,,,,,"Total Environment after the rain project Dravid Padukone sport academy",,"myestates",,,"12850",,"1","South -West",,"Bangalore","1","Bangalore, Karnataka",,,"12800",,"https://img.staticmb.com/mbphoto/property/cropped_images/2025/Feb/01/Photo_h180_w240/77524881_4_4_180_240.jpeg"
"76416215","5-BHK-11-Sq-ft-Farm-House-FOR-Sale-in-Bangalore&id=4d423736343136323135","5BHK Farm House for Resale in ","2025-08-10T17:35:02.000Z",,"360000000","32727272","₹","5 BHK, Farm House is available for Sale in , Bangalore for 36.0 Crore(s)","Available at a reasonable selling price is a 5 BHK farm house located in the prime area of Isha foundation Niyar. This property spreads across a carpet area of 9 sqft square feet and has easy access to the major amenities of the city. This resale property is available for sale with all the basic amenities in the vicinity. You can purchase this semi-furnished farmhouse and live comfortably with your loved ones. This luxuriuous and beautiful farmhouse has a construction age of Less than 5 years years.",,,,,,,,,,,,,"Adhithya Kumar",,"9",,,"4",,,"Bangalore","5","Bangalore, Karnataka","11",,"12800",,
"76008853","3100-Sq-ft-Farm-House-FOR-Sale-Sarjapur-Road-in-Bangalore&id=4d423736303038383533"," Farm House for Resale in Sarjapur Road","2025-07-17T17:35:02.000Z",,"250000000","80645","₹","  Farm House is available for Sale in Sarjapur Road, Bangalore for 25.0 Crore(s)",,,"19202|St Jeromes PU and Degree College","19202|St.Johns Medical College","19203|Columbia Asia Hospital Sarjapur Road",,,,,,,,"12.91235,77.680996","Ashok Kumar",,,,,,,,"Bangalore",,"Bangalore, Karnataka","3100",,"12800",,
"78015131","2-BHK-49005-Sq-ft-Farm-House-FOR-Sale-Panditana-Agrahara-in-Bangalore&id=4d423738303135313331","2BHK Farm House for Resale in Panditana Agrahara","2025-09-09T23:31:24.000Z","Bar/Lounge,Air Conditioned,Banquet Hall,Jogging and Strolling Track,Outdoor Tennis Courts,Laundry Service,Internet/Wi-Fi Connectivity,RO Water System,Service/Goods Lift,Visitor Parking,Intercom Facility,Conference Room","67500000","1377","₹","2 BHK, Farm House is available for Sale in Panditana Agrahara, Bangalore ","A 2 BHK farmhouse is available at a reasonable selling price in the prime locality of Panditana Agrahara. Worth every penny, this farmhouse sprawls across a carpet area of 2000 sqft square feet and enjoys amazing connectivity to the other parts of the city and social amenities. This resale property is available for sale with all the basic amenities in the vicinity. You can purchase this unfurnished farmhouse and live comfortably with your loved ones. The construction age of this lavish farmhouse is 5 to 10 years years. This farm house is strategically located and comes with Puja Room, Study, Store and Servant Room additional rooms.",,,,,,,,,,,,"12.88211339,77.82042295","kanakaraj",,"2000",,,"2","North - East",,"Bangalore","2","Bangalore, Karnataka",,,"12800",,"https://img.staticmb.com/mbphoto/property/cropped_images/2025/Feb/28/Photo_h180_w240/78015131_7_1740718239999-7491_180_240.jpg"
"70796605","4-BHK-106722-Sq-ft-Farm-House-FOR-Sale-Yantaganahalli-in-Bangalore&id=4d423730373936363035","4BHK Farm House for Resale in Yantaganahalli","2025-09-09T17:35:01.000Z","Air Conditioned,Internet/Wi-Fi Connectivity,RO Water System,Visitor Parking","100000000","937","₹","Presenting a splendid 4 BHK farmhouse for sale in the picturesque Yantaganahalli, Bangalore. This expansive property offers a perfect blend of serenity and sophistication, making it an ideal retreat for those seeking a tranquil and spacious home in the heart of nature.Property SpecificationsExperience the grandeur of countryside living with this magnificent 4 BHK farmhouse for sale in Yentaganahalli, Bangalore. Spanning an expansive carpet area of 22,170 sqft, this farmhouse is on the ground floor and is north-facing. Fully furnished with complete furniture, this farmhouse offers a seamless blend of comfort and style.This farmhouse, you will discover four bedrooms, each with an attached western-style bathroom equipped with geysers for your convenience. The layout also features two family rooms, a well-appointed modular kitchen with a chimney, and a store room.The first floor opens up to an inviting open terrace, perfect for enjoying the scenic surroundings. The entire farmhouse is adorned with vitrified flooring, enhancing the overall elegance.FacilitiesOpen parking, 24-hour water supply, and 100 power backup are the basic facilities provided here. To ensure the safety of vehicles, security guards are appointed and CCTV cameras are installed.LocalitySituated just 2km from Nelamangala Mangalore National Highway, this property is well-connected with the rest of the city and has access to the best of amenities. Public transport is well-served to and from this area so conveyance will be effortless for the residents.","Available at a reasonable selling price is a 4 BHK farm house located in the prime area of Yantaganahalli. This property spreads across a carpet area of 22170 sqft square feet and has easy access to the major amenities of the city. This farmhouse is unfurnished and has easy access to basic amenities present in close proximity. The resale property is available for immediate sale. The construction age of this lavish farmhouse is Less than 5 years years. This strategically located farmhouse has Puja Room, Store and Servant Room additional rooms. The farmhouse is near to 2km from nelamangala mangalore national highway.",,,,,,,,,,,"2km from Nelamangala Mangalore national highway","13.06194084,77.34592903","Tanpreet Kaur",,"22170",,,"4","North",,"Bangalore","4","Bangalore, Karnataka",,,"12800",,"https://img.staticmb.com/mbphoto/property/cropped_images/2024/Jan/06/Photo_h180_w240/70796605_4_hatsAppImage20240102at11.43.48AM_180_240.jpeg"
"79809323","1-BHK-222000-Sq-ft-Farm-House-FOR-Sale-Harohalli-in-Bangalore&id=4d423739383039333233","1BHK Farm House for Resale in Harohalli","2025-06-02T08:27:25.000Z",,"1600000","7","₹","1 BHK, Farm House is available for Sale in Harohalli, Bangalore ","A 1 BHK farmhouse is available at a reasonable selling price in the prime locality of Harohalli. Worth every penny, this farmhouse sprawls across a carpet area of 220000 sqft square feet and enjoys amazing connectivity to the other parts of the city and social amenities. You can buy this semi-furnished farmhouse with all the basic amenities nearby. It is a resale property available for sale.",,"19201|Mahadev Gastics Industries",,,,,,,,,,"12.85735734,77.72353804","tafazzul khan",,"220000",,,,,,"Bangalore","1","Bangalore, Karnataka",,,"12800",,"https://img.staticmb.com/mbphoto/property/cropped_images/2025/Jun/03/Photo_h180_w240/79809323_1_PropertyImage298-95884891207504_180_240.jpg"
"74658697","9-BHK-30490-Sq-ft-Farm-House-FOR-Sale-in-Bangalore&id=4d423734363538363937","9BHK Farm House for Resale in ","2025-08-24T17:35:01.000Z","Air Conditioned,Outdoor Tennis Courts","55000000","1804","₹","peace full place","Spread across a carpet area of 30490 sqft square feet, this 9 BHK farm house is available for sale in Rajni farm house. This farm house with easy access to other amenities comes at an affordable price. You can buy this furnished farmhouse with all the basic amenities nearby. It is a resale property available for sale. Strategically located, this farm house also features Store and Servant Room additional room. The chikhabelapur d c office shares the closest proximity with this beautiful farmhouse.",,,,,,,,,,,"chikhabelapur D C office",,"neha",,"30490",,,,"West",,"Bangalore","9","Bangalore, Karnataka",,,"12800",,"https://img.staticmb.com/mbphoto/property/cropped_images/2024/Sep/02/Photo_h180_w240/74658697_9_PropertyImage29-276672390323498_180_240.jpg"
"78870249","1-BHK-10000-Sq-ft-Farm-House-FOR-Sale-Mylasandra-in-Bangalore&id=4d423738383730323439","1BHK Farm House for Resale in Mylasandra","2025-08-11T17:35:02.000Z",,"18500000","1850","₹","1 BHK, Farm House is available for Sale in Mylasandra, Bangalore ","This farmhouse is unfurnished and has easy access to basic amenities present in close proximity. The resale property is available for immediate sale. You can safely park your vehicles at the 1 open spaces available with this farmhouse. This farmhouse enjoys a strategic location with None of these additional rooms.",,"19202|Medi Care Institute Of Nursing Science","19210|Mylasandra Cross Bus Stop","19210|Mailasandra Metro Station",,,,,,,,"12.8552604,77.61594","yathish",,"10000",,,"1","South - East",,"Bangalore","1","Bangalore, Karnataka",,,"12800",,
"68708387","46636-Sq-ft-Farm-House-FOR-Sale-Harohalli-in-Bangalore&id=4d423638373038333837"," Farm House for Resale in Harohalli","2025-08-22T17:35:01.000Z",,"75000000","1608","₹","  Farm House is available for Sale in Harohalli, Bangalore ",,,"19201|Mahadev Gastics Industries",,,,,,,,,,"12.85735734,77.72353804","Dr. Ashok",,,,,,,,"Bangalore",,"Bangalore, Karnataka",,,"12800",,
"80084409","1-BHK-6000-Sq-ft-Farm-House-FOR-Sale-in-Bangalore&id=4d423830303834343039","1BHK Farm House for Resale in ","2025-08-05T22:30:39.000Z",,"5000000","833","₹","1 BHK, Farm House is available for Sale in , Bangalore ","This resale farmhouse is available for sale in a unfurnished state, with all necessary amenities in a convenient proximity.",,,,,,,,,,,,,"Kavya Govind",,"6000",,,"1",,,"Bangalore","1","Bangalore, Karnataka","6000",,"12800",,"https://img.staticmb.com/mbphoto/property/cropped_images/2025/Jun/20/Photo_h180_w240/80084409_3_PropertyImage991-2461047995283_180_240.jpg"
"74906285","3-BHK-5400-Sq-ft-Farm-House-FOR-Sale-in-Bangalore&id=4d423734393036323835","3BHK Farm House for Resale in ","2025-06-11T03:09:10.000Z",,"9500000","1759","₹","3 BHK, Farm House is available for Sale in , Bangalore ","The farmhouse is a ready to buy resale property with all amenities available nearby and is unfurnished furnished. This luxuriuous and beautiful farmhouse has a construction age of 15 to 20 years years.",,,,,,,,,,,,,"Dundappa",,"5400",,,"2",,,"Bangalore","3","Bangalore, Karnataka","5400",,"12800",,"https://img.staticmb.com/mbphoto/property/cropped_images/2024/Sep/14/Photo_h180_w240/74906285_1_PropertyImage67-15440493081304_180_240.jpg"
"66106521","2-BHK-999999-Sq-ft-Farm-House-FOR-Sale-Kethohalli-in-Bangalore&id=4d423636313036353231","2BHK Farm House for Resale in Kethohalli","2025-07-18T17:35:01.000Z",,"80000000","80","₹","A farm house is available for rent. It has covered area of 999999 sqft, it is a good location. Please contact for more details.","You can buy this unfurnished farmhouse with all the basic amenities nearby. It is a resale property available for sale. Well planned with a construction age of Less than 5 years years, this farm house is beautiful.",,,,,,,,,,,,"12.90540479,77.40534708","Arun kumar",,,,,"2",,,"Bangalore","2","Bangalore, Karnataka",,,"12800",,
"70999523","10-plus-BHK-81676-Sq-ft-Farm-House-FOR-Sale-Chagalahatti-in-Bangalore&id=4d423730393939353233","> 10BHK Farm House for Resale in Chagalahatti","2025-07-21T17:35:02.000Z",,"16500000","202","₹","> 10 BHK, Farm House is available for Sale in Chagalahatti, Bangalore ",,,"19202|School of Engineering Technology",,,,,,,,,,"13.120315,77.658755","Siri Ventura",,,,,,,,"Bangalore",,"Bangalore, Karnataka",,,"12800",,
"75313895","1-BHK-87120-Sq-ft-Farm-House-FOR-Sale-in-Bangalore&id=4d423735333133383935","1BHK Farm House for Resale in ","2025-08-07T17:35:01.000Z",,"88000000","1010","₹","1 BHK, Farm House is available for Sale in , Bangalore ","This resale property is available for sale with all the basic amenities in the vicinity. You can purchase this furnished farmhouse and live comfortably with your loved ones.",,,,,,,,,,,,,"Vasanth kumar",,,,,"1",,,"Bangalore","1","Bangalore, Karnataka",,,"12800",,
"73818919","10-plus-BHK-13000-Sq-ft-Farm-House-FOR-Sale-Kalkunte-Agrahara-in-Bangalore&id=4d423733383138393139","> 10BHK Farm House for Resale in Kalkunte Agrahara","2025-07-14T17:35:01.000Z",,"12000000","923","₹","This is a fully clear agricultural property situated just 3.5 kms from the new Bangalore Chennai expressway. The proposed satellite town ring road runs parallel to the property. The total extent is 23929 guntas incl 6 gunta road. Out of this, 12 gunta or 13000 sqft is available for grab. The expected price is 10L per gunta or 1100 sqft. Only genuine buyers can contact me for further details.","The farmhouse is a ready to buy resale property with all amenities available nearby and is unfurnished furnished. The farmhouse has space for 10 covered, 10 open vehicles to be parked. This strategically located farmhouse has None of these additional rooms. The property can be easily located through the nearby chikka tirupati road landmarks.",,,,,,,,,,,"Chikka tirupati road","12.932562,77.840515","Srinidhi",,,,,"1","East",,"Bangalore",,"Bangalore, Karnataka",,,"12800",,"https://img.staticmb.com/mbphoto/property/cropped_images/2024/Jul/13/Photo_h180_w240/73818919_2_9690e845c73c42799195df03e5a47765_180_240.jpeg"
"32073381","3-Acre-Farm-House-FOR-Sale-Avalahalli-in-Bangalore&id=4d423332303733333831"," Farm House for Resale in Aavalahalli","2025-07-12T17:35:01.000Z",,"37500000","287","₹"," Prime facilities are easily accessible from this place with Sicicon City Public School (1 km ). Other key neighbourhood are Rajdhani Nursing Home (1 km ). ",,,"19201|Rajajinagar Industrial Area","19201|Medreich Limited","19202|East Point College of Engineering and Technology Bangalore","19202|East Point College of Engineering Technology","19210|Deepanjali Nagar Railway Station","19210|Cheemasandra Gate Bus Stop",,,,,"13.03700509,77.73388167","Ranganatha",,,"12853",,,,,"Bangalore",,"Bangalore, Karnataka",,,,,
"76066369","2-BHK-43000-Sq-ft-Farm-House-FOR-Sale-Gowdahalli-in-Bangalore&id=4d423736303636333639","2BHK Farm House for Resale in Gowdahalli","2025-07-21T17:35:02.000Z",,"60000000","1395","₹","2 BHK, Farm House is available for Sale in Gowdahalli, Bangalore ","A 2 BHK farmhouse is available at a reasonable selling price in the prime locality of Gowdahalli. Worth every penny, this farmhouse sprawls across a carpet area of 2000 sqft square feet and enjoys amazing connectivity to the other parts of the city and social amenities. This resale farmhouse is available for sale in a furnished state, with all necessary amenities in a convenient proximity.",,,,,,,,,,,,"13.04435561,77.43264076","Ramesh",,"2000",,,"2","East",,"Bangalore","2","Bangalore, Karnataka",,,"12800",,
"69001973","1-BHK-40000-Sq-ft-Farm-House-FOR-Sale-Devanahalli-in-Bangalore&id=4d423639303031393733","1BHK Farm House for Resale in Devanahalli","2025-07-11T17:35:02.000Z",,"26000000","650","₹","1 BHK, Farm House is available for Sale in Devanahalli, Bangalore ","A 1 BHK farmhouse is available at a reasonable selling price in the prime locality of Devanahalli. Worth every penny, this farmhouse sprawls across a carpet area of 40000 sqft square feet and enjoys amazing connectivity to the other parts of the city and social amenities. This resale property is available for sale with all the basic amenities in the vicinity. You can purchase this unfurnished farmhouse and live comfortably with your loved ones.",,"19201|Kiadb It Park","19201|Drogher's Hub Supermarket","19202|Akash Institutions","19202|Nagarjuna College of Engineering and Technology Bangalore","19203|Akash Super Speciality Hospital","19203|Ramaiah Leena Hospital","19209|Kempegowda International Airport Bengaluru","19210|Airport Railway Station","19210|Devanahalli Bus Stop",,"13.24032816,77.71506051","Manikya",,"40000",,,"1",,,"Bangalore","1","Bangalore, Karnataka",,,"12800",,
"81015135","Farm-House-FOR-Sale-Vishveshvaraiah-Nagar-in-Bangalore&id=4d423831303135313335"," Farm House for Resale in Private Property at Vishveshvaraiah Nagar, Ganga Nagar, Bellary Road","2025-08-20T23:20:13.000Z",,,,"₹","  Farm House is available for Sale in Vishveshvaraiah Nagar, Bangalore ",,,,,,,,,,,,,"13.02729492,77.58828555","Abhay kumar",,,,,,,,"Bangalore",,"Bangalore, Karnataka",,,,,
"77533679","Farm-House-FOR-Sale-Nelamangala-Chikkaballapura-Road-in-Bangalore&id=4d423737353333363739"," Farm House for Resale in Nelamangala Chikkaballapura Road","2025-06-19T21:32:44.000Z",,,,"₹","  Farm House is available for Sale in Nelamangala Chikkaballapura Road, Bangalore ",,,,,,,,,,,,,"13.42813891,77.730433","ARUN",,,,,,,,"Bangalore",,"Bangalore, Karnataka",,,,,"https://img.staticmb.com/mbphoto/property/cropped_images/2025/Feb/01/Photo_h180_w240/77533679_1_IMG_20250201_180156_180_240.jpg"
"79704663","4-BHK-4000-Sq-ft-Farm-House-FOR-Sale-Doddaballapur-in-Bangalore&id=4d423739373034363633","4BHK Farm House for New Property in Doddaballapura","2025-09-07T23:45:29.000Z","Bar/Lounge,Air Conditioned,Banquet Hall,Jogging and Strolling Track,Outdoor Tennis Courts,Laundry Service,Internet/Wi-Fi Connectivity,RO Water System,Service/Goods Lift,Visitor Parking,Intercom Facility,Conference Room","55000000","13750","₹","Avillion Farms gives you the perfect lifes balance with the right amount of individual space, peaceful living  companionship. A memorable lifetime experience with the likeminded in spaces as unique as yourself in the lap of nature.","Spread across a carpet area of 4000 sqft square feet, this 4 BHK farm house is available for sale in Doddaballapur. This farm house with easy access to other amenities comes at an affordable price. This sale property is available for sale with all the basic amenities in the vicinity. You can purchase this unfurnished farmhouse and live comfortably with your loved ones. The farmhouse has space for 2 covered vehicles to be parked. This farm house located in the prime locality, comes with Puja Room and Servant Room additional rooms. dodballapura road, north bangalore. is the nearest landmark to this property.",,"19201|Avishkar Technologies","19201|More Supermarket - Doddaballapur","19202|Mabl High School And Kidzee School","19202|Msv Public School","19203|Columbia Asia Hospital - Doddaballapur","19203|We Care Multi Speciality Hospital & ICU","19210|Doddaballapura Old Bus Stand Bus Stop","19210|Doddaballapur Railway Station",,"Dodballapura road, North bangalore.","13.290431,77.539701","CityScape Consulting","City Scape Consulting  ","4000","12850",,"4","East",,"Bangalore","4","Bangalore, Karnataka","4000",,"12800",,"https://img.staticmb.com/mbphoto/property/cropped_images/2025/May/26/Photo_h180_w240/79704663_3_hatsAppImage20240208at12.36.32PM1_180_240.jpeg"
"79816239","2-BHK-296210-Sq-ft-Farm-House-FOR-Sale-Kanakapura-in-Bangalore&id=4d423739383136323339","2BHK Farm House for Resale in Kanakapura","2025-08-14T11:02:50.000Z",,"136000000","459","₹","296210sft farm land in kanakapura road it has 220 coconut trees, 200mango trees,  150 teaks, and 2Borewells, 2500sft formhouse.","Spread across a carpet area of 296210 sqft square feet, this 2 BHK farm house is available for sale in Kanakapura. This farm house with easy access to other amenities comes at an affordable price. The farmhouse is a ready to buy resale property with all amenities available nearby and is semi-furnished furnished. The farmhouse  has spacious 10 open spaces for positioning your cars and other vehicles. This farm house is strategically located and comes with Store additional rooms. The kanakapura road, bangalore. shares the closest proximity with this beautiful farmhouse.",,"19202|National Centre for Excellence","19202|Sri Nirvanaswamy Public School","19203|Zymus Hospital",,,,,,,"kanakapura road, Bangalore.","12.9453893,77.57757036","Raghunath",,"296210","12850",,"2","East",,"Bangalore","2","Bangalore, Karnataka",,,"12800",,
"75313647","1-BHK-87120-Sq-ft-Farm-House-FOR-Sale-in-Bangalore&id=4d423735333133363437","1BHK Farm House for Resale in ","2025-08-07T17:35:01.000Z",,"88000000","1010","₹","1 BHK, Farm House is available for Sale in , Bangalore ","This farmhouse is furnished and has easy access to basic amenities present in close proximity. The resale property is available for immediate sale.",,,,,,,,,,,,,"Vasanth kumar",,,,,"1",,,"Bangalore","1","Bangalore, Karnataka",,,"12800",,
