state_name,district_name,block_name,panchayat_name,village_name,habitation_name,habitation_id,school_id,school_name,no_of_student,school_category,school_subcategory,update_date
Karnataka,"Bengaluru Urban",Anekal,Karpoor,Arvantigepura,Arvantigepura,0000373281,0000056428,"Govt. Lower Primary School",10,Govt.,"Primary only with grades 1 to 5",2024-06-07
Karnataka,"Bengaluru Urban",Anekal,Vannakanahalli,Soluru,Soluru,0000373307,0000056457,"Govt. Lower Primary School",6,Govt.,"Primary only with grades 1 to 5",2024-06-07
Karnataka,"Bengaluru Urban",Anekal,Marsoor,Naganaikanahalli,Naganayakanahalli,0000373310,0000056464,"Govt. Lower Primary School",24,Govt.,"Primary only with grades 1 to 5",2024-06-07
Karnataka,"Bengaluru Urban",Anekal,Indlawadi,Thimmasandra,Thimmasandra,0000373320,0000056474,"Govt. Lower Primary School",7,Govt.,"Primary only with grades 1 to 5",2024-06-07
Karnataka,"Bengaluru Urban",Anekal,Indlawadi,Choodahalli,Choodahalli,0000373326,0000056481,"Govt. Lower Primary School",35,Govt.,"Primary only with grades 1 to 5",2024-06-07
Karnataka,"Bengaluru Urban",Anekal,Indlawadi,Indlawadipura,Indlawadipura,0000373327,0000056483,"Govt. Lower Primary School",8,Govt.,"Primary only with grades 1 to 5",2024-06-07
Karnataka,"Bengaluru Urban",Anekal,Indlawadi,Kadajakanahalli,Kadajakanahalli,0000373334,0000056488,"Govt. Lower Primary School",10,Govt.,"Primary only with grades 1 to 5",2024-06-07
Karnataka,"Bengaluru Urban",Anekal,Byagadadevanahalli,Chikkahagde,Chikkahagde,0000373337,0000056491,"Govt. Lower Primary School",3,Govt.,"Primary only with grades 1 to 5",2024-06-07
Karnataka,"Bengaluru Urban",Anekal,Byagadadevanahalli,Avadedenahalli,Avadedenahalli,0000373343,0000056496,"Govt. Lower Primary School",25,Govt.,"Primary only with grades 1 to 5",2024-06-07
Karnataka,"Bengaluru Urban",Anekal,Byagadadevanahalli,Thatnahalli,Thatnahalli,0000373344,0000056498,"Govt. Primary School",15,Govt.,"Primary only with grades 1 to 5",2024-06-07
Karnataka,"Bengaluru Urban",Anekal,Kallabalu,Vaderamanchenahalli,Vaderamanchenahalli,0000373362,0000056524,"Govt. Lower Primary School",99,Govt.,"Primary only with grades 1 to 5",2024-06-07
Karnataka,"Bengaluru Urban",Anekal,Mantapa,Begihalli,Begihalli,0000373404,0000056570,"Govt. Lower Primary School",107,Govt.,"Primary only with grades 1 to 5",2024-06-07
Karnataka,"Bengaluru Urban",Anekal,Ballur,Arehalli,Arehalli,0000373483,0000056625,"Govt. Lower Primary School",30,Govt.,"Primary only with grades 1 to 5",2024-06-07
Karnataka,"Bengaluru Urban",Anekal,Mayasandra,Mutsandra,Mutsandra,0000373493,0000056637,"Govt. Lower Primary School",11,Govt.,"Primary only with grades 1 to 5",2024-06-07
Karnataka,"Bengaluru Urban",Anekal,Bidaraguppe,Indlabele,Indlabele,0000373495,0000056641,"Govt. Primary School",24,Govt.,"Primary only with grades 1 to 5",2024-06-07
Karnataka,"Bengaluru Urban",Anekal,Bidaraguppe,Arenur,Arenur,0000373498,0000056647,"Govt. Upper Primary School",25,Govt.,"Primary only with grades 1 to 5",2024-06-07
Karnataka,"Bengaluru Urban",Anekal,Mugalur,"Dodda Thimmasandra","Dodda Thimmasandra",0000373520,0000056684,"Govt. Lower Primary School",3,Govt.,"Primary only with grades 1 to 5",2024-06-07
Karnataka,"Bengaluru Urban",Anekal,Surgajakanahalli,Chinnaiahnapalya,Chinnaiahanapalya,0000373290,0001806870,"Govt. Lower Primary School",26,Govt.,"Primary only with grades 1 to 5",2024-06-07
Karnataka,"Bengaluru Urban",Anekal,Vannakanahalli,Vannakanahalli,Vannakanahalli,0000373305,0002740304,"GLPS ASHRAYA NAGARA",21,Govt.,"Primary only with grades 1 to 5",2024-06-07
Karnataka,"Bengaluru Urban",Anekal,Vannakanahalli,Choodenahalli,Kalyanakanahalli,0000373306,0002389573,"Govt Lower primary school",5,Govt.,"Primary only with grades 1 to 5",2024-06-07
Karnataka,"Bengaluru Urban",Anekal,Indlawadi,Tammanayakanahalli,Arehalli,0000373325,0002737012,"Govt Lower Primary School",4,Govt.,"Primary only with grades 1 to 5",2024-06-07
Karnataka,"Bengaluru Urban",Anekal,Indlawadi,Kadajakanahalli,"Thimmaiahana Doddi",0000373335,0001436601,GLPS,17,Govt.,"Primary only with grades 1 to 5",2024-06-07
Karnataka,"Bengaluru Urban",Anekal,Byagadadevanahalli,"Kammasandra Agrahara","Kammasandra Agrahara",0000373339,0001785790,"Govt. Lower Primary School",25,Govt.,"Primary only with grades 1 to 5",2024-06-07
Karnataka,"Bengaluru Urban",Anekal,Mugalur,Bovipalya,"Kuthaganahalli Bovi Palya",0000373523,0001880149,"Govt. Lower Primary School",18,Govt.,"Primary only with grades 1 to 5",2024-06-07
Karnataka,"Bengaluru Urban",Anekal,Mugalur,"Chikkanahalli Kamanahalli","Chikkanahalli Kamanahalli",0000373526,0000056692,"Govt. Lower Primary School",3,Govt.,"Primary only with grades 1 to 5",2024-06-07
Karnataka,"Bengaluru Urban",Anekal,Handenahalli,"S. Medihalli",Sultanpalya,0000373541,0000056708,"Govt. Lower Primary School",11,Govt.,"Primary only with grades 1 to 5",2024-06-07
Karnataka,"Bengaluru Urban",Anekal,Yamare,"Volagere Kallahalli","Volagere Kallahalli",0000373550,0000056718,"Govt. Lower Primary School",17,Govt.,"Primary only with grades 1 to 5",2024-06-07
Karnataka,"Bengaluru Urban",Anekal,Yamare,Chambenahalli,Chambenahalli,0000373552,0000056720,"Govt. Lower Primary School",33,Govt.,"Primary only with grades 1 to 5",2024-06-07
Karnataka,"Bengaluru Urban",Anekal,Yamare,"Thigala Chowdadenahalli","Thigala Chowdadenahalli",0000373553,0000056721,"Govt. Higher Primary School",119,Govt.,"Primary only with grades 1 to 5",2024-06-07
Karnataka,"Bengaluru Urban",Anekal,Muthanallur,Samanahalli,Samanahalli,0000373554,0000056723,"Govt. Lower Primary School",12,Govt.,"Primary only with grades 1 to 5",2024-06-07
Karnataka,"Bengaluru Urban",Anekal,Muthanallur,Kommasandra,Kommasandra,0000373556,0000056726,"Govt. Lower Primary School",10,Govt.,"Primary only with grades 1 to 5",2024-06-07
Karnataka,"Bengaluru Urban",Anekal,Neriga,Chikkanekundi,Chikkanekundi,0000373573,0000056750,"Govt. Lower Primary School",32,Govt.,"Primary only with grades 1 to 5",2024-06-07
Karnataka,"Bengaluru Urban",Anekal,Bidaraguppe,Bidaraguppe,"Silk Farm",0001622878,0002736969,"Govt lower Primary school",16,Govt.,"Primary only with grades 1 to 5",2024-06-07
Karnataka,"Bengaluru Urban",Anekal,Kallabalu,"Muthurayaswamy Doddi","Muthurayaswamy Doddi",0001622893,0002740470,GLPS,15,Govt.,"Primary only with grades 1 to 5",2024-06-07
Karnataka,"Bengaluru Urban",Anekal,Samandur,Sabmangala,Sabmangala,0000373266,0001039593,"Govt High School",81,Govt.,"Secondary/Sr. Sec. only with grades 9 and 10",2024-06-07
Karnataka,"Bengaluru Urban",Anekal,Samandur,Samandur,Samandur,0000373270,0000056409,"Govt. Higher Primary School",14,Govt.,"Upper Primary with grades 1 to 8",2024-06-07
Karnataka,"Bengaluru Urban",Anekal,Surgajakanahalli,Surgajakanahalli,Surgajakanahalli,0000373297,0000056444,"Govt. higher Primary School",26,Govt.,"Upper Primary with grades 1 to 8",2024-06-07
Karnataka,"Bengaluru Urban",Anekal,Indlawadi,Indlawadi,Indlawadi,0000373330,0001044929,"Govt High School",193,Govt.,"Secondary/Sr. Sec. only with grades 9 and 10",2024-06-07
Karnataka,"Bengaluru Urban",Anekal,Byagadadevanahalli,Byagadadenahalli,Byagadadenahalli,0000373346,0000056499,"Govt. Upper Primary School",91,Govt.,"Upper Primary with grades 1 to 8",2024-06-07
Karnataka,"Bengaluru Urban",Anekal,Kallabalu,Kallabalu,Kallabalu,0000373363,0000056525,"Govt. higher primary school",147,Govt.,"Upper Primary with grades 1 to 8",2024-06-07
Karnataka,"Bengaluru Urban",Anekal,Kallabalu,"Krishna Doddi","Krishna Doddi",0000373374,0000056537,"Govt. higher Primary School",135,Govt.,"Upper Primary with grades 1 to 8",2024-06-07
Karnataka,"Bengaluru Urban",Anekal,Hulimangala,Hulimangala,Hulimangala,0000373388,0000056547,"Govt. Upper primary School",53,Govt.,"Upper Primary with grades 1 to 8",2024-06-07
Karnataka,"Bengaluru Urban",Anekal,Hennagara,Hennagara,Hennagara,0000373394,0000056555,"Govt. Upper Primary School",180,Govt.,"Upper Primary with grades 1 to 8",2024-06-07
Karnataka,"Bengaluru Urban",Anekal,Hennagara,Hennagara,Hennagara,0000373394,0000056554,"Govt. High School",199,Govt.,"Secondary/Sr. Sec. with grades 1 to 10",2024-06-07
Karnataka,"Bengaluru Urban",Anekal,Mantapa,Malenallasandra,Malenallasandra,0000373410,0000056574,"Govt. Higher Primary School",58,Govt.,"Upper Primary with grades 1 to 8",2024-06-07
Karnataka,"Bengaluru Urban",Anekal,Ballur,Halehalli,Halehalli,0000373486,0000056628,"Govt. Higher Primary School",13,Govt.,"Upper Primary with grades 1 to 8",2024-06-07
Karnataka,"Bengaluru Urban",Anekal,Bidaraguppe,Bidaraguppe,Bidaraguppe,0000373499,0000056648,"Govt. Higher Primary School",57,Govt.,"Upper Primary with grades 1 to 8",2024-06-07
Karnataka,"Bengaluru Urban",Anekal,Muthanallur,Muthanallur,Muthanallur,0000373559,0002740463,"NETHAJI HS MUTHANALLUR",112,"Govt. Aided","Secondary/Sr. Sec. with grades 1 to 10",2024-06-07
Karnataka,"Bengaluru Urban",Anekal,Neriga,"Nekundi Dommasandra","Nekundi Dommasandra",0000373572,0000056748,"Govt. Higher Primary School",28,Govt.,"Upper Primary with grades 1 to 8",2024-06-07
Karnataka,"Bengaluru Urban",Anekal,Dommasandra,Dommasandra,Dommasandra,0000373592,0000056773,"Govt. Urdu Higher  Primary School",80,Govt.,"Upper Primary with grades 1 to 8",2024-06-07
Karnataka,"Bengaluru Urban",Anekal,Haragadde,Haragadde,Haragadde,0001622881,0002210673,"GOVT HIGHER PRIMARY SCHOOL",251,Govt.,"Upper Primary with grades 1 to 8",2024-06-07
Karnataka,"Bengaluru Urban",Anekal,Haragadde,"Mada Pattana",Madapatna,0001622883,0002210843,"GOVT PRIMARY HIGH SCHOOL",211,Govt.,"Upper Primary with grades 1 to 8",2024-06-07
Karnataka,"Bengaluru Urban",Anekal,Neriga,Gonigattapura,Gonigattapura,0000373565,0000056741,"Govt. Lower Primary School",17,Govt.,"Primary only with grades 1 to 5",2024-06-07
Karnataka,"Bengaluru Urban",Anekal,Neriga,"Jantha Gondanahalli","Jantha Gondanahalli",0000373568,0000056746,"Govt. Lower Primary School",13,Govt.,"Primary only with grades 1 to 5",2024-06-07
Karnataka,"Bengaluru Urban",Anekal,Samandur,Samandur,Samandur,0000373270,0002740376,"SRI VENKATESHWARA HIGH SCHOOL",91,"Govt. Aided","Secondary/Sr. Sec. with grades 1 to 10",2024-06-07
Karnataka,"Bengaluru Urban",Anekal,Samandur,Samandur,Samandur,0000373270,0002740411,"GHPS SIDDANA PALYA",39,Govt.,"Upper Primary with grades 1 to 8",2024-06-07
Karnataka,"Bengaluru Urban",Anekal,Surgajakanahalli,Gowrenahalli,Gowrenahalli,0000373284,0000056431,"Govt. higher Primary School",224,Govt.,"Upper Primary with grades 1 to 8",2024-06-07
Karnataka,"Bengaluru Urban",Anekal,Surgajakanahalli,Gowrenahalli,Gowrenahalli,0000373284,0000056432,"Govt. Urdu Primary",127,Govt.,"Upper Primary with grades 1 to 8",2024-06-07
Karnataka,"Bengaluru Urban",Anekal,Vannakanahalli,Sunavara,Sunavara,0000373299,0000056448,"Govt. Lower Primary School",23,Govt.,"Upper Primary with grades 1 to 8",2024-06-07
Karnataka,"Bengaluru Urban",Anekal,Vannakanahalli,Vannakanahalli,Vannakanahalli,0000373305,0000056455,"Govt. Higher primary School",81,Govt.,"Upper Primary with grades 1 to 8",2024-06-07
Karnataka,"Bengaluru Urban",Anekal,Marsoor,Marsoor,Marsoor,0000373309,0000056463,"Govt. High School",135,Govt.,"Secondary/Sr. Sec. only with grades 9 and 10",2024-06-07
Karnataka,"Bengaluru Urban",Anekal,Hennagara,Kachanayakanahalli,Kachanayakanahalli,0000373402,0000056567,"Govt. Upper Primary School",264,Govt.,"Upper Primary only with grades 6 to 8",2024-06-07
Karnataka,"Bengaluru Urban",Anekal,Mantapa,Mantapa,Mantapa,0000373406,0000056572,"Govt. upper Primary School",132,Govt.,"Upper Primary with grades 1 to 8",2024-06-07
Karnataka,"Bengaluru Urban",Anekal,Mayasandra,Mayasandra,Mayasandra,0000373490,0000056633,"GHPS Upgraded Mayasandra",256,Govt.,"Secondary/Sr. Sec. with grades 1 to 10",2024-06-07
Karnataka,"Bengaluru Urban",Anekal,Sarjapura,Sarjapura,Sarjapura,0000373516,0000056676,"Govt. Higher Primary Girls School Sarjapura",222,Govt.,"Upper Primary with grades 1 to 8",2024-06-07
Karnataka,"Bengaluru Urban",Anekal,Handenahalli,"S. Medihalli",Thyavakanahalli,0000373540,0000056707,"Govt. upper Primary School",9,Govt.,"Upper Primary with grades 1 to 8",2024-06-07
Karnataka,"Bengaluru Urban",Anekal,Muthanallur,Muthanallur,Muthanallur,0000373559,0002741996,"GHPS RAMA SAGARA",109,Govt.,"Upper Primary only with grades 6 to 8",2024-06-07
Karnataka,"Bengaluru Urban",Anekal,Huskuru,Huskuru,Huskuru,0000373579,0002740471,"GLPS Gopasandra",10,Govt.,"Primary only with grades 1 to 5",2024-06-07
Karnataka,"Bengaluru Urban",Anekal,Shantipura,"Chikka Nagamangala",Vaddarapalya,0000373586,0002116702,"G H P S Bhovipalya",234,Govt.,"Upper Primary with grades 1 to 8",2024-06-07
Karnataka,"Bengaluru Urban",Anekal,Haragadde,Haragadde,Haragadde,0001622881,0002210600,"GOVT HIGH SCHOOL",288,Govt.,"Secondary/Sr. Sec. only with grades 9 and 10",2024-06-07
Karnataka,"Bengaluru Urban",Anekal,Haragadde,Vaddarapalya,Vaddarapalya,0001622882,0002210777,"Govt. Upper primary School",102,Govt.,"Upper Primary with grades 1 to 8",2024-06-07
Karnataka,"Bengaluru Urban",Anekal,Neriga,Thippasandra,Thippasandra,0001852903,0002740423,GHPS,94,Govt.,"Upper Primary with grades 1 to 8",2024-06-07
Karnataka,"Bengaluru Urban",Anekal,Neriga,Thippasandra,Thippasandra,0001852903,0002740422,"SRI SHARADA High School THIPPASANDRA",128,"Govt. Aided","Secondary/Sr. Sec. with grades 1 to 10",2024-06-07
Karnataka,"Bengaluru Urban",Anekal,Samandur,"S Thammasandra (b)","S. Thimmasandra",0000373272,0000056413,"Govt. Lower Primary School",12,Govt.,"Primary only with grades 1 to 5",2024-06-07
Karnataka,"Bengaluru Urban",Anekal,Vannakanahalli,Menaseganahalli,Menaseganahalli,0000373303,0000056452,"Govt. Lower Primary School",5,Govt.,"Primary only with grades 1 to 5",2024-06-07
Karnataka,"Bengaluru Urban",Anekal,Vannakanahalli,"Kempudommasandra (b)",Kempadommasandra,0000373304,0000056454,"Govt. Lower Primary School",10,Govt.,"Primary only with grades 1 to 5",2024-06-07
Karnataka,"Bengaluru Urban",Anekal,Marsoor,Bandapura,Bandapura,0000373313,0000056468,"Govt. Lower Primary School",19,Govt.,"Primary only with grades 1 to 5",2024-06-07
Karnataka,"Bengaluru Urban",Anekal,Haragadde,Kumbarahalli,Kumbarahalli,0000373347,0000056501,"Govt. Lower Primary School",18,Govt.,"Primary only with grades 1 to 5",2024-06-07
Karnataka,"Bengaluru Urban",Anekal,Kallabalu,Mahanthalingapura,Mahanthalingapura,0000373373,0000056535,"Govt. Lower Primary School",18,Govt.,"Primary only with grades 1 to 5",2024-06-07
Karnataka,"Bengaluru Urban",Anekal,Mantapa,Laxmipura,Laxmipura,0000373413,0000056577,"Govt. Lower Primary School",12,Govt.,"Primary only with grades 1 to 5",2024-06-07
Karnataka,"Bengaluru Urban",Anekal,Ballur,Kodlipura,Kodlipura,0000373485,0000056627,"Govt. Primary School",8,Govt.,"Primary only with grades 1 to 5",2024-06-07
Karnataka,"Bengaluru Urban",Anekal,Bidaraguppe,Mallenahallli,Malenahalli,0000373500,0000056650,"Govt. primary School",23,Govt.,"Primary only with grades 1 to 5",2024-06-07
Karnataka,"Bengaluru Urban",Anekal,Samandur,Samandur,Samandur,0000373270,0002740382,"GLPS Bikkanahalli",11,Govt.,"Primary only with grades 1 to 5",2024-06-07
Karnataka,"Bengaluru Urban",Anekal,Kallabalu,Madappanadoddi,"Madappana Doddi",0000373377,0001963040,"Govt. Lower Primary School",32,Govt.,"Primary only with grades 1 to 5",2024-06-07
Karnataka,"Bengaluru Urban",Anekal,Mantapa,Laxmipura,Sampangiramanagara,0000373414,0002740467,GLPS,16,Govt.,"Primary only with grades 1 to 5",2024-06-07
Karnataka,"Bengaluru Urban",Anekal,Bannerghatta,Sampigehalli,Sampigehalli,0000373433,0002736972,"Govt Lower Primary School",86,Govt.,"Primary only with grades 1 to 5",2024-06-07
Karnataka,"Bengaluru Urban",Anekal,Ragihalli,Sollepuradoddi,Sollepuradoddi,0000373453,0001969973,"Govt Lower primary school",30,Govt.,"Primary only with grades 1 to 5",2024-06-07
Karnataka,"Bengaluru Urban",Anekal,Ragihalli,Ramanayakanadoddi,Ramanayakanadoddi,0000373465,0001969938,"Govt Lower primary School",20,Govt.,"Primary only with grades 1 to 5",2024-06-07
Karnataka,"Bengaluru Urban",Anekal,Neralur,Krishnasagara,Krishnasagara,0000373473,0002227469,"Govt. Lower Primary School",33,Govt.,"Primary only with grades 1 to 5",2024-06-07
Karnataka,"Bengaluru Urban",Anekal,Mugalur,"Pandithana Agrahara","Pandithana Agrahara",0000373525,0001880846,"GLPS, Panditha Agrahara (Rajev Gandhi nagara)",13,Govt.,"Primary only with grades 1 to 5",2024-06-07
Karnataka,"Bengaluru Urban",Anekal,Mugalur,"Pandithana Agrahara","Pandithana Agrahara",0000373525,0000056690,"Govt. Lower Primary School",5,Govt.,"Primary only with grades 1 to 5",2024-06-07
Karnataka,"Bengaluru Urban",Anekal,Yamare,Sompura,Sompura,0000373545,0000056711,"Govt. Lower Primary School",53,Govt.,"Primary only with grades 1 to 5",2024-06-07
Karnataka,"Bengaluru Urban",Anekal,Muthanallur,"Ali Bommasandra","Ali Bommasandra",0000373557,0000056728,"Govt. Lower Primary School Banahalli",93,Govt.,"Primary only with grades 1 to 5",2024-06-07
Karnataka,"Bengaluru Urban",Anekal,Muthanallur,"Ali Bommasandra","Ali Bommasandra",0000373557,0002740461,GLPS,22,Govt.,"Primary only with grades 1 to 5",2024-06-07
Karnataka,"Bengaluru Urban",Anekal,Muthanallur,"Singena Agrahara","Singena Agrahara",0000373562,0000056737,"Govt. higher Primary School",16,Govt.,"Primary only with grades 1 to 5",2024-06-07
Karnataka,"Bengaluru Urban",Anekal,Neriga,Kathriguppe,Kathriguppe,0000373567,0000056744,"Govt. Lower Primary School",10,Govt.,"Primary only with grades 1 to 5",2024-06-07
Karnataka,"Bengaluru Urban",Anekal,Huskuru,Harohalli,Harohalli,0000373575,0000056753,"Govt. Lower Primary School",12,Govt.,"Primary only with grades 1 to 5",2024-06-07
Karnataka,"Bengaluru Urban",Anekal,Samandur,Marnayakanahalli,Marnayakanahalli,0000373274,0000056416,"Govt. Higher Primary School",19,Govt.,"Upper Primary with grades 1 to 8",2024-06-07
Karnataka,"Bengaluru Urban",Anekal,Karpoor,Karpoor,Karpoor,0000373278,0000056422,"Govt. Higher Primary School",43,Govt.,"Upper Primary with grades 1 to 8",2024-06-07
Karnataka,"Bengaluru Urban",Anekal,Karpoor,Bestamanahalli,Bestamanahalli,0000373279,0000056424,"Govt. Higher Primary School",9,Govt.,"Upper Primary with grades 1 to 8",2024-06-07
Karnataka,"Bengaluru Urban",Anekal,Surgajakanahalli,Sidihoskote,Sidihoskote,0000373291,0000056439,"Govt. higher Primary School",43,Govt.,"Upper Primary with grades 1 to 8",2024-06-07
Karnataka,"Bengaluru Urban",Anekal,Indlawadi,"Chikka Hosahalli","Chikka Hosahalli",0000373317,0000056470,"Govt. Upper Primary School",45,Govt.,"Upper Primary with grades 1 to 8",2024-06-07
Karnataka,"Bengaluru Urban",Anekal,Indlawadi,Mysoorammanadoddi,Mysooramanadoddi,0000373331,0002741992,GLPS,8,Govt.,"Primary only with grades 1 to 5",2024-06-07
Karnataka,"Bengaluru Urban",Anekal,Kallabalu,Kallabalu,Kallabalu,0000373363,0002741987,"GLPS GOVINDANAYAKANATHANDYA",8,Govt.,"Primary only with grades 1 to 5",2024-06-07
Karnataka,"Bengaluru Urban",Anekal,Hulimangala,Vabbasandra,Vabbasandra,0000373386,0000056545,"Govt. Upper Primary School",73,Govt.,"Upper Primary with grades 1 to 8",2024-06-07
Karnataka,"Bengaluru Urban",Anekal,Hulimangala,"S. Bingipura","S. Bingipura",0000373389,0000056549,"Govt. Upper Primary School",113,Govt.,"Upper Primary with grades 1 to 8",2024-06-07
Karnataka,"Bengaluru Urban",Anekal,Hulimangala,Maragondanahalli,Maragondanahalli,0000373392,0000056550,"Govt. Upper Primary School",200,Govt.,"Upper Primary with grades 1 to 8",2024-06-07
Karnataka,"Bengaluru Urban",Anekal,Ragihalli,Ragihalli,Ragihalli,0000373462,0000056606,"Govt. Higher Primary School",20,Govt.,"Upper Primary with grades 1 to 8",2024-06-07
Karnataka,"Bengaluru Urban",Anekal,Neralur,Thirumagondanahalli,Thirumagondanahalli,0000373478,0000056616,"Govt. Upper Primary School",105,Govt.,"Upper Primary with grades 1 to 8",2024-06-07
Karnataka,"Bengaluru Urban",Anekal,Ballur,Ballur,Ballur,0000373484,0000056626,"Govt. Upper Primary School",314,Govt.,"Upper Primary with grades 1 to 8",2024-06-07
Karnataka,"Bengaluru Urban",Anekal,Mayasandra,Manchanahalli,Manchanahalli,0000373488,0000056629,GHPS,73,Govt.,"Upper Primary with grades 1 to 8",2024-06-07
Karnataka,"Bengaluru Urban",Anekal,Sarjapura,Sarjapura,Sarjapura,0000373516,0002740343,"SVP HS SARJAPURA",411,"Govt. Aided","Secondary/Sr. Sec. with grades 1 to 10",2024-06-07
Karnataka,"Bengaluru Urban",Anekal,Mugalur,Kuthaganahalli,Kuthaganahalli,0000373522,0000056686,"Govt. higher Primary School",21,Govt.,"Upper Primary with grades 1 to 8",2024-06-07
Karnataka,"Bengaluru Urban",Anekal,Billapura,Adigarakallahalli,Adigarakallahalli,0000373538,0000056704,"Govt. Higher Primary School",28,Govt.,"Upper Primary with grades 1 to 8",2024-06-07
Karnataka,"Bengaluru Urban",Anekal,Shantipura,Rayasandra,Rayasandra,0000373589,0000056767,"Govt. higher Primary School",218,Govt.,"Upper Primary with grades 1 to 8",2024-06-07
Karnataka,"Bengaluru Urban",Anekal,Dommasandra,Dommasandra,Dommasandra,0000373592,0001837546,"Govt Upper Primary School (boys)",281,Govt.,"Upper Primary with grades 1 to 8",2024-06-07
Karnataka,"Bengaluru Urban",Anekal,Dommasandra,Dommasandra,Dommasandra,0000373592,0002681858,"Govt PU College",110,Govt.,"Hr. Sec. /Jr. College only with grades 11 and 12",2024-06-07
Karnataka,"Bengaluru Urban",Anekal,Samandur,Gandhinagara,"S. Gandhinagara",0000373273,0000056415,"Govt. Lower primary School",11,Govt.,"Primary only with grades 1 to 5",2024-06-07
Karnataka,"Bengaluru Urban",Anekal,Vannakanahalli,Telagarahalli,Telagarahalli,0000373301,0000056451,"Govt. Lower Primary School",10,Govt.,"Primary only with grades 1 to 5",2024-06-07
Karnataka,"Bengaluru Urban",Anekal,Byagadadevanahalli,Kempavaderahalli,Kempavaderahalli,0000373336,0000056490,"Govt. Lower Primary School",16,Govt.,"Primary only with grades 1 to 5",2024-06-07
Karnataka,"Bengaluru Urban",Anekal,Byagadadevanahalli,Doddahagde,Doddahagde,0000373341,0000056493,"Govt. Lower Primary School",26,Govt.,"Primary only with grades 1 to 5",2024-06-07
Karnataka,"Bengaluru Urban",Anekal,Kallabalu,Bukkasagara,Bukkasagara,0000373365,0000056527,"Govt. Lower Primary School",30,Govt.,"Primary only with grades 1 to 5",2024-06-07
Karnataka,"Bengaluru Urban",Anekal,Bidaraguppe,Narasapura,Narsapura,0000373501,0000056652,"Govt. Primary School",9,Govt.,"Primary only with grades 1 to 5",2024-06-07
Karnataka,"Bengaluru Urban",Anekal,Indlawadi,Nagaiahadoddi,Nagaiahabadoddi,0000373332,0001799246,"GOV. Lower PRIMARY SCHOOL",13,Govt.,"Primary only with grades 1 to 5",2024-06-07
Karnataka,"Bengaluru Urban",Anekal,Kallabalu,Balarabande,Balarabande,0000373381,0001962650,"Govt. Lower Primary School",19,Govt.,"Primary only with grades 1 to 5",2024-06-07
Karnataka,"Bengaluru Urban",Anekal,Bannerghatta,Amruthanagara,Amruthanagara,0000373449,0002736974,"Govt Lower Primary school",49,Govt.,"Primary only with grades 1 to 5",2024-06-07
Karnataka,"Bengaluru Urban",Anekal,Ragihalli,Annaiahnadoddi,Annaiahanadoddi,0000373463,0001969866,"Govt. Lower primary School",19,Govt.,"Primary only with grades 1 to 5",2024-06-07
Karnataka,"Bengaluru Urban",Anekal,Neralur,Itchangur,Vaddarapalya,0000373475,0002740431,"GLPS  ICHANGUR VADDARA PALYA",48,Govt.,"Primary only with grades 1 to 5",2024-06-07
Karnataka,"Bengaluru Urban",Anekal,Mayasandra,Harohalli,Harohalli,0000373491,0002676409,"Govt. Lower Primary School",17,Govt.,"Primary only with grades 1 to 5",2024-06-07
Karnataka,"Bengaluru Urban",Anekal,Bidaraguppe,Chikkanahalli,Chikkanahalli,0000373497,0001475870,"govt. lower primary school",8,Govt.,"Primary only with grades 1 to 5",2024-06-07
Karnataka,"Bengaluru Urban",Anekal,Yamare,"Kada Agrahara","Kada Agrahara",0000373548,0000056715,"Govt. Lower Primary School",30,Govt.,"Primary only with grades 1 to 5",2024-06-07
Karnataka,"Bengaluru Urban",Anekal,Muthanallur,Narayanaghatta,Narayanaghatta,0000373561,0000056735,"Govt. Lower Primary School",41,Govt.,"Primary only with grades 1 to 5",2024-06-07
Karnataka,"Bengaluru Urban",Anekal,Neriga,Heggondahalli,Heggondahalli,0000373570,0002680498,"Govt. lower Primary school",17,Govt.,"Primary only with grades 1 to 5",2024-06-07
Karnataka,"Bengaluru Urban",Anekal,Huskuru,Kaggalipura,Kaggalipura,0000373574,0000056751,"Govt. Lower Primary School",17,Govt.,"Primary only with grades 1 to 5",2024-06-07
Karnataka,"Bengaluru Urban",Anekal,Huskuru,"Chinnthala Madiwala","Chinnthala Madiwala",0000373578,0000056756,"Govt. Lower Primary School",10,Govt.,"Primary only with grades 1 to 5",2024-06-07
Karnataka,"Bengaluru Urban",Anekal,Huskuru,Avalahalli,Avalahalli,0000373582,0000056761,"Govt. Lower Primary School",9,Govt.,"Primary only with grades 1 to 5",2024-06-07
Karnataka,"Bengaluru Urban",Anekal,Shantipura,Choodasandra,Choodasandra,0000373591,0000056770,"Govt. Lower Primary School",35,Govt.,"Primary only with grades 1 to 5",2024-06-07
Karnataka,"Bengaluru Urban",Anekal,Haragadde,Dyavasandra,Dyavasandra,0001622880,0002201912,"GOVT LOWER PRIMARY SCHOOL",36,Govt.,"Primary only with grades 1 to 5",2024-06-07
Karnataka,"Bengaluru Urban",Anekal,Haragadde,Nayanahalli,Nayanahalli,0001622885,0002210370,"Govt. Lower Primary School",17,Govt.,"Primary only with grades 1 to 5",2024-06-07
Karnataka,"Bengaluru Urban",Anekal,Samandur,Kuvempunagara,Kuvempunagara,0000373264,0000056400,"Govt. higher Primary School",98,Govt.,"Upper Primary with grades 1 to 8",2024-06-07
Karnataka,"Bengaluru Urban",Anekal,Vannakanahalli,Vannakanahalli,Vannakanahalli,0000373305,0002740295,"VINOBABHAVE HIGH SCHOOL",74,"Govt. Aided","Secondary/Sr. Sec. with grades 6 to 10",2024-06-07
Karnataka,"Bengaluru Urban",Anekal,Hulimangala,Shikaripalya,Shikaripalya,0000373393,0000056552,"Govt. Urdu Upper Primary School",188,Govt.,"Upper Primary with grades 1 to 8",2024-06-07
Karnataka,"Bengaluru Urban",Anekal,Hennagara,Rajapura,Rajapura,0000373396,0000056557,"Govt. Upper Primary School",18,Govt.,"Upper Primary with grades 1 to 8",2024-06-07
Karnataka,"Bengaluru Urban",Anekal,Mantapa,Kalkere,Kalkere,0000373417,0000056579,"Govt. Lower Primary School",65,Govt.,"Upper Primary with grades 1 to 8",2024-06-07
Karnataka,"Bengaluru Urban",Anekal,Neralur,Balagaranahalli,Balagaranahalli,0000373476,0002740429,GHPS,189,Govt.,"Upper Primary with grades 1 to 8",2024-06-07
Karnataka,"Bengaluru Urban",Anekal,Mugalur,Kugur,Kugur,0000373527,0002740465,GHPS,57,Govt.,"Upper Primary with grades 1 to 8",2024-06-07
Karnataka,"Bengaluru Urban",Anekal,Mugalur,Kugur,Kugur,0000373527,0000056694,"Govt. High School",60,Govt.,"Secondary/Sr. Sec. with grades 6 to 10",2024-06-07
Karnataka,"Bengaluru Urban",Anekal,Billapura,Adigarakallahalli,Adigarakallahalli,0000373538,0000056703,"Govt. Urdu Higher Primary School",155,Govt.,"Upper Primary with grades 1 to 8",2024-06-07
Karnataka,"Bengaluru Urban",Anekal,Handenahalli,Handenahalli,Handenahalli,0000373542,0000056709,"Govt. Upper Primary School",80,Govt.,"Upper Primary with grades 1 to 8",2024-06-07
Karnataka,"Bengaluru Urban",Anekal,Neriga,Neriga,Neriga,0000373564,0000056739,"Govt. Higher Primary School",17,Govt.,"Upper Primary with grades 1 to 8",2024-06-07
Karnataka,"Bengaluru Urban",Anekal,Dommasandra,Dommasandra,Dommasandra,0000373592,0000056772,"Govt. Upper Primary School Janatha colony",132,Govt.,"Upper Primary with grades 1 to 8",2024-06-07
Karnataka,"Bengaluru Urban",Anekal,Samandur,Sabmangala,Sabmangala,0000373266,0000056402,"Govt. higher Primary School",119,Govt.,"Primary only with grades 1 to 5",2024-06-07
Karnataka,"Bengaluru Urban",Anekal,Samandur,Gudnahalli,Gudnahalli,0000373267,0000056404,"Govt. Lower Primary School",25,Govt.,"Primary only with grades 1 to 5",2024-06-07
Karnataka,"Bengaluru Urban",Anekal,Samandur,"Chennana Agrahara","Chennana Agrahara",0000373268,0000056406,"Govt. Lower Primary School",7,Govt.,"Primary only with grades 1 to 5",2024-06-07
Karnataka,"Bengaluru Urban",Anekal,Samandur,Geritiganabele,Geritiganabele,0000373269,0000056407,"Govt. Higher Primary School",67,Govt.,"Primary only with grades 1 to 5",2024-06-07
Karnataka,"Bengaluru Urban",Anekal,Karpoor,Rachamanahalli,Rachamanahalli,0000373280,0000056426,"Govt. Lower Primary School",16,Govt.,"Primary only with grades 1 to 5",2024-06-07
Karnataka,"Bengaluru Urban",Anekal,Surgajakanahalli,Sonnayakanapura,Sonnayakanapura,0000373288,0000056435,"Govt. Lower Primary School",13,Govt.,"Primary only with grades 1 to 5",2024-06-07
Karnataka,"Bengaluru Urban",Anekal,Surgajakanahalli,Aduru,Aduru,0000373295,0000056442,"Govt. Primary School",19,Govt.,"Primary only with grades 1 to 5",2024-06-07
Karnataka,"Bengaluru Urban",Anekal,Vannakanahalli,Choodenahalli,Choodenahalli,0000373298,0000056446,"Govt. Lower Primary School",40,Govt.,"Primary only with grades 1 to 5",2024-06-07
Karnataka,"Bengaluru Urban",Anekal,Haragadde,Lingapura,Lingapura,0000373348,0000056502,"Govt. Higher Primary School",12,Govt.,"Primary only with grades 1 to 5",2024-06-07
Karnataka,"Bengaluru Urban",Anekal,Haragadde,"Nosenur Gollahalli","Nosenur Gollahalli",0000373353,0000056510,"Govt. Lower Primary School",11,Govt.,"Primary only with grades 1 to 5",2024-06-07
Karnataka,"Bengaluru Urban",Anekal,Kallabalu,Yallammanadoddi,"Yallammana Doddi",0000373376,0000056539,"Govt. Lower   Primary School",24,Govt.,"Primary only with grades 1 to 5",2024-06-07
Karnataka,"Bengaluru Urban",Anekal,Neralur,Itchangur,Itchangur,0000373474,0000056614,"Govt. lower Primary School",28,Govt.,"Primary only with grades 1 to 5",2024-06-07
Karnataka,"Bengaluru Urban",Anekal,Bidaraguppe,Jigala,Jigala,0000373496,0000056643,"Govt. Primary School",17,Govt.,"Primary only with grades 1 to 5",2024-06-07
Karnataka,"Bengaluru Urban",Anekal,Mugalur,Thindlu,Thindlu,0000373517,0000056682,"Govt. Lower Primary School",94,Govt.,"Primary only with grades 1 to 5",2024-06-07
Karnataka,"Bengaluru Urban",Anekal,Mayasandra,Kamblipura,Kamblipura,0000373492,0002673702,"Govt. Lower Primary School",34,Govt.,"Primary only with grades 1 to 5",2024-06-07
Karnataka,"Bengaluru Urban",Anekal,Mugalur,Mugalur,Mugalur,0000373524,0001880913,"Govt. Higher Primary School",78,Govt.,"Primary only with grades 1 to 5",2024-06-07
Karnataka,"Bengaluru Urban",Anekal,Handenahalli,"S. Medihalli","S. Medihalli",0000373539,0000056705,"Govt. Lower Primary School",12,Govt.,"Primary only with grades 1 to 5",2024-06-07
Karnataka,"Bengaluru Urban",Anekal,Yamare,Yamare,Yamare,0000373549,0000056716,"Govt. Lower Primary School",27,Govt.,"Primary only with grades 1 to 5",2024-06-07
Karnataka,"Bengaluru Urban",Anekal,Muthanallur,"Chikka Thimmasandra","Chikka Thimmasandra",0000373555,0000056724,"Govt.  Lower Primary School",9,Govt.,"Primary only with grades 1 to 5",2024-06-07
Karnataka,"Bengaluru Urban",Anekal,Neriga,Chikkadasarahalli,Chikkadasarahalli,0000373563,0000056738,"Govt. Lower Primary School",10,Govt.,"Primary only with grades 1 to 5",2024-06-07
Karnataka,"Bengaluru Urban",Anekal,Huskuru,Chookasandra,Chookasandra,0000373576,0000056754,"Govt. Lower Primary School",12,Govt.,"Primary only with grades 1 to 5",2024-06-07
Karnataka,"Bengaluru Urban",Anekal,Huskuru,Gulimangala,Gulimangala,0000373583,0000056762,"Govt. Lower Primary School",12,Govt.,"Primary only with grades 1 to 5",2024-06-07
Karnataka,"Bengaluru Urban",Anekal,Shantipura,Gattahalli,Gattahalli,0000373587,0000056765,"Govt. Primary School",43,Govt.,"Primary only with grades 1 to 5",2024-06-07
Karnataka,"Bengaluru Urban",Anekal,Ballur,Dasanapura,Dasanapura,0001622876,0001834873,"Govt. Higher Primary School",67,Govt.,"Primary only with grades 1 to 5",2024-06-07
Karnataka,"Bengaluru Urban",Anekal,Marsoor,Marsoor,Marsoor,0000373309,0000056461,"Govt. Higher Primary School",192,Govt.,"Upper Primary with grades 1 to 8",2024-06-07
Karnataka,"Bengaluru Urban",Anekal,Indlawadi,Tammanayakanahalli,Tammanayakanahalli,0000373321,0000056475,"Govt. higher Primary School",30,Govt.,"Upper Primary with grades 1 to 8",2024-06-07
Karnataka,"Bengaluru Urban",Anekal,Kallabalu,Harapanahalli,Harapanahalli,0000373368,0000056529,"Govt. higher Primary School",165,Govt.,"Upper Primary with grades 1 to 8",2024-06-07
Karnataka,"Bengaluru Urban",Anekal,Kallabalu,Konnasandra,Konnasandra,0000373369,0000056530,"Govt. higher Primary School",83,Govt.,"Upper Primary with grades 1 to 8",2024-06-07
Karnataka,"Bengaluru Urban",Anekal,Hennagara,Hosahalli,Hosahalli,0000373400,0000056563,"Govt. Higher Primary School",29,Govt.,"Upper Primary with grades 1 to 8",2024-06-07
Karnataka,"Bengaluru Urban",Anekal,Bannerghatta,"Kannayaka Agrahara","Kannayaka Agrahara",0000373446,0000056602,"Govt. Higher Primary School",9,Govt.,"Upper Primary with grades 1 to 8",2024-06-07
Karnataka,"Bengaluru Urban",Anekal,Neralur,Guddahatti,Guddahatti,0000373480,0000056619,"Govt. Upper Primary School",78,Govt.,"Upper Primary with grades 1 to 8",2024-06-07
Karnataka,"Bengaluru Urban",Anekal,Neralur,Adigondanahalli,Adigondanahalli,0000373481,0000056621,"Govt. upper Primary School",32,Govt.,"Upper Primary with grades 1 to 8",2024-06-07
Karnataka,"Bengaluru Urban",Anekal,Sarjapura,Sarjapura,Sarjapura,0000373516,0000056677,"Govt. Higher Primary Boys School Sarjapura",173,Govt.,"Upper Primary with grades 1 to 8",2024-06-07
Karnataka,"Bengaluru Urban",Anekal,Sarjapura,Sarjapura,Sarjapura,0000373516,0001044931,"Govt High School",226,Govt.,"Secondary/Sr. Sec. with grades 1 to 10",2024-06-07
Karnataka,"Bengaluru Urban",Anekal,Billapura,Billapura,Billapura,0000373532,0002741122,GLPS,24,Govt.,"Primary only with grades 1 to 5",2024-06-07
Karnataka,"Bengaluru Urban",Anekal,Muthanallur,Muthanallur,Muthanallur,0000373559,0000056732,"Govt. higher Primary School",82,Govt.,"Upper Primary with grades 1 to 8",2024-06-07
Karnataka,"Bengaluru Urban",Anekal,Huskuru,Huskuru,Huskuru,0000373579,0000056758,"Govt. Higher Primary School",217,Govt.,"Upper Primary with grades 1 to 8",2024-06-07
Karnataka,"Bengaluru Urban",Anekal,Huskuru,Huskuru,Huskuru,0000373579,0001039592,"Govt High School",187,Govt.,"Secondary/Sr. Sec. with grades 6 to 10",2024-06-07
Karnataka,"Bengaluru Urban",Anekal,Dommasandra,Dommasandra,Dommasandra,0000373592,0000056771,"Govt Higher Primary Girls School",166,Govt.,"Upper Primary with grades 1 to 8",2024-06-07
Karnataka,"Bengaluru Urban",Anekal,Samandur,Hompalgatta,Hompalgatta,0000373265,0000056401,"Govt. Lower Primary School",9,Govt.,"Primary only with grades 1 to 5",2024-06-07
Karnataka,"Bengaluru Urban",Anekal,Samandur,Madiwala,"S. Madiwala",0000373271,0000056411,"Govt. Lower Primary School",5,Govt.,"Primary only with grades 1 to 5",2024-06-07
Karnataka,"Bengaluru Urban",Anekal,Surgajakanahalli,"A. Medihalli","A. Medihalli",0000373283,0000056429,"Govt. Lower Primary School",9,Govt.,"Primary only with grades 1 to 5",2024-06-07
Karnataka,"Bengaluru Urban",Anekal,Surgajakanahalli,Honnakalaspura,Honnakalaspura,0000373285,0000056434,"Govt. Lower Primary School",11,Govt.,"Primary only with grades 1 to 5",2024-06-07
Karnataka,"Bengaluru Urban",Anekal,Vannakanahalli,Singasandra,Singasandra,0000373300,0000056450,"Govt. Lower Primary School",5,Govt.,"Primary only with grades 1 to 5",2024-06-07
Karnataka,"Bengaluru Urban",Anekal,Marsoor,Madiwala,Madiwala,0000373311,0000056466,"Govt. Lower Primary School",29,Govt.,"Primary only with grades 1 to 5",2024-06-07
Karnataka,"Bengaluru Urban",Anekal,Marsoor,Adisonnahatti,Adisonnahatti,0000373315,0000056469,"Govt. Lower Primary School",14,Govt.,"Primary only with grades 1 to 5",2024-06-07
Karnataka,"Bengaluru Urban",Anekal,Indlawadi,Laxmipura,Laxmipura,0000373323,0000056479,"Govt. Lower Primary School",37,Govt.,"Primary only with grades 1 to 5",2024-06-07
Karnataka,"Bengaluru Urban",Anekal,Indlawadi,Indlawadi,Indlawadi,0000373330,0000056484,"Govt. higher Primary School",142,Govt.,"Primary only with grades 1 to 5",2024-06-07
Karnataka,"Bengaluru Urban",Anekal,Byagadadevanahalli,Yellammanapalya,Yellamanapalya,0000373342,0000056495,"Govt. Lower Primary School",24,Govt.,"Primary only with grades 1 to 5",2024-06-07
Karnataka,"Bengaluru Urban",Anekal,Haragadde,Seethanayakanahalli,Seethanayakanahalli,0000373350,0000056506,"Govt. Lower Primary School",8,Govt.,"Primary only with grades 1 to 5",2024-06-07
Karnataka,"Bengaluru Urban",Anekal,Kallabalu,Bommandahalli,Bommandahalli,0000373370,0000056532,"Govt. Lower Primary School",23,Govt.,"Primary only with grades 1 to 5",2024-06-07
Karnataka,"Bengaluru Urban",Anekal,Mantapa,Sakalavara,Sakalavara,0000373419,0000056581,"Govt. Higher Primary School",70,Govt.,"Primary only with grades 1 to 5",2024-06-07
Karnataka,"Bengaluru Urban",Anekal,Mayasandra,"M. Medihalli","M. Medihalli",0000373494,0000056639,"Govt. Lower Primary School",24,Govt.,"Primary only with grades 1 to 5",2024-06-07
Karnataka,"Bengaluru Urban",Anekal,Mugalur,"Mahal Chowdadenahalli","Mahal Chowdadenahalli",0000373518,0000056683,"Govt. Lower Primary School",16,Govt.,"Primary only with grades 1 to 5",2024-06-07
Karnataka,"Bengaluru Urban",Anekal,Mugalur,Mattanahalli,Mattanahalli,0000373521,0000056685,"Govt. Lower Primary School",18,Govt.,"Primary only with grades 1 to 5",2024-06-07
Karnataka,"Bengaluru Urban",Anekal,Surgajakanahalli,Surgajakanahalli,Surgajakanahalli,0000373297,0002740338,"GLPS BODARA HALLI",15,Govt.,"Primary only with grades 1 to 5",2024-06-07
Karnataka,"Bengaluru Urban",Anekal,Hulimangala,Podu,Podu,0000373390,0002058102,"Govt. Lower Primary School",31,Govt.,"Primary only with grades 1 to 5",2024-06-07
Karnataka,"Bengaluru Urban",Anekal,Mugalur,Madappanahalli,Madappanahalli,0000373529,0000056697,"Govt. Lower Primary School",15,Govt.,"Primary only with grades 1 to 5",2024-06-07
Karnataka,"Bengaluru Urban",Anekal,Yamare,"B. Hosahalli","B. Hosahalli",0000373547,0000056713,"Govt. Lower Primary School",20,Govt.,"Primary only with grades 1 to 5",2024-06-07
