Academic_Year,State_Code,State_Name,District_Code,District_Name,School_Management_Id,School_Management_Name,School_Category_Id,School_Category_Name,Academic_Qualification_Id,Academic_Qualification_Name,Professional_Qualification_Id,Professional_Qualification_Name,Only_Pre_Primary_Male,Only_Pre_Primary_Female,Pre_Primary_and_Primary_Male,Pre_Primary_and_Primary_Female,Only_Primary_Male,Only_Primary_Female,Primary_and_Upperprimary_Male,Primary_and_Upperprimary_Female,Only_Upperprimary_Male,Only_Upperprimary_Female,Upperprimary_and_Secondary_Male,Upperprimary_and_Secondary_Female,Only_Secondary_Male,Only_Secondary_Female,Secondary_and_Highersecondary_Male,Secondary_and_Highersecondary_Female,Only_Highersecondary_Male,Only_Highersecondary_Female,Total_Teacher,Total_Male,Total_Female
2018-19,29,Karnataka,2928,BENGALURU U NORTH,5,Private Unaided (Recognized),3,HSS (I-XII),4,Graduate,6,None,0,0,0,0,6,29,2,7,1,23,0,0,4,18,8,43,0,7,148,21,127
2018-19,29,Karnataka,2928,BENGALURU U NORTH,5,Private Unaided (Recognized),8,SS (IX-X),4,Graduate,6,None,1,0,0,0,0,0,0,0,0,0,0,0,0,7,0,0,0,0,8,1,7
2018-19,29,Karnataka,2928,BENGALURU U NORTH,5,Private Unaided (Recognized),7,SS (VI-X),4,Graduate,7,Diploma/degree in special education,0,0,0,0,0,0,0,0,0,0,0,0,2,1,0,0,0,0,3,2,1
2018-19,29,Karnataka,2928,BENGALURU U NORTH,5,Private Unaided (Recognized),8,SS (IX-X),4,Graduate,5,Others,0,0,0,0,0,0,0,0,0,2,0,0,1,7,0,0,0,0,10,1,9
2018-19,29,Karnataka,2928,BENGALURU U NORTH,5,Private Unaided (Recognized),5, HSS (VI-XII),4,Graduate,6,None,0,0,0,0,0,0,0,0,0,0,0,0,0,1,0,0,0,0,1,0,1
2018-19,29,Karnataka,2928,BENGALURU U NORTH,5,Private Unaided (Recognized),11,HSS (XI-XII),4,Graduate,5,Others,0,0,0,0,0,0,0,0,0,1,0,0,1,0,0,0,3,7,12,4,8
2018-19,29,Karnataka,2928,BENGALURU U NORTH,5,Private Unaided (Recognized),7,SS (VI-X),4,Graduate,6,None,0,1,0,0,0,0,0,0,0,0,0,0,12,27,0,0,0,0,40,12,28
2018-19,29,Karnataka,2928,BENGALURU U NORTH,5,Private Unaided (Recognized),1,PS (I-V) ,4,Graduate,6,None,0,0,0,0,12,50,0,1,0,2,0,0,0,2,0,0,0,0,67,12,55
2018-19,29,Karnataka,2928,BENGALURU U NORTH,5,Private Unaided (Recognized),2,UPS (I-VIII) ,4,Graduate,7,Diploma/degree in special education,0,0,0,0,1,10,0,1,1,11,0,1,0,0,0,1,0,3,29,2,27
2018-19,29,Karnataka,2928,BENGALURU U NORTH,5,Private Unaided (Recognized),6, SS (I-X) ,4,Graduate,6,None,1,4,0,0,64,442,13,34,40,230,2,19,44,229,2,9,0,15,1148,166,982
2018-19,29,Karnataka,2928,BENGALURU U NORTH,5,Private Unaided (Recognized),2,UPS (I-VIII) ,4,Graduate,6,None,0,0,0,0,25,181,0,7,11,45,0,4,5,19,0,0,0,2,299,41,258
2018-19,29,Karnataka,2928,BENGALURU U NORTH,5,Private Unaided (Recognized),6, SS (I-X) ,4,Graduate,7,Diploma/degree in special education,1,6,0,0,6,15,1,7,5,23,0,9,7,54,0,2,1,4,141,21,120
2018-19,29,Karnataka,2928,BENGALURU U NORTH,5,Private Unaided (Recognized),1,PS (I-V) ,4,Graduate,7,Diploma/degree in special education,0,0,0,0,1,1,0,0,0,0,0,0,0,0,0,0,0,0,2,1,1
2018-19,29,Karnataka,2928,BENGALURU U NORTH,5,Private Unaided (Recognized),11,HSS (XI-XII),4,Graduate,6,None,0,0,0,1,0,0,0,0,0,1,0,0,0,0,0,0,63,223,288,63,225
2018-19,29,Karnataka,2928,BENGALURU U NORTH,5,Private Unaided (Recognized),7,SS (VI-X),4,Graduate,5,Others,1,2,0,0,0,0,0,0,0,1,0,0,5,15,2,0,0,0,26,8,18
2018-19,29,Karnataka,2928,BENGALURU U NORTH,5,Private Unaided (Recognized),6, SS (I-X) ,4,Graduate,5,Others,2,40,0,2,6,199,1,31,20,162,1,13,13,92,1,6,1,17,607,45,562
2018-19,29,Karnataka,2928,BENGALURU U NORTH,5,Private Unaided (Recognized),6, SS (I-X) ,6,M.Phil,4,M.Ed. or equivalent,0,1,0,0,3,2,0,0,0,2,0,0,1,0,1,0,0,0,10,5,5
2018-19,29,Karnataka,2928,BENGALURU U NORTH,5,Private Unaided (Recognized),3,HSS (I-XII),6,M.Phil,5,Others,0,0,0,0,1,1,0,0,0,0,0,0,0,0,0,0,0,0,2,1,1
2018-19,29,Karnataka,2928,BENGALURU U NORTH,5,Private Unaided (Recognized),7,SS (VI-X),7,Ph.D,6,None,0,0,0,0,0,0,0,0,0,0,0,0,0,1,0,0,0,0,1,0,1
2018-19,29,Karnataka,2928,BENGALURU U NORTH,5,Private Unaided (Recognized),5, HSS (VI-XII),6,M.Phil,5,Others,0,0,0,0,0,0,0,0,0,0,0,0,0,0,0,0,1,1,2,1,1
2018-19,29,Karnataka,2928,BENGALURU U NORTH,5,Private Unaided (Recognized),11,HSS (XI-XII),8,Post Doctoral,2,Bachelor of Elementary Education (B.El.Ed.),0,0,0,0,0,0,0,0,0,0,0,0,0,0,0,0,1,0,1,1,0
2018-19,29,Karnataka,2928,BENGALURU U NORTH,5,Private Unaided (Recognized),2,UPS (I-VIII) ,7,Ph.D,1,Diploma or certificate in basic teachers training of a duration not less than two years,0,0,0,0,0,5,0,0,0,1,0,0,0,0,0,0,0,0,6,0,6
2018-19,29,Karnataka,2928,BENGALURU U NORTH,5,Private Unaided (Recognized),6, SS (I-X) ,6,M.Phil,6,None,0,1,0,0,0,1,0,0,1,2,0,0,0,7,0,0,0,0,12,1,11
2018-19,29,Karnataka,2928,BENGALURU U NORTH,5,Private Unaided (Recognized),6, SS (I-X) ,7,Ph.D,6,None,0,0,0,0,0,3,2,1,2,5,0,0,0,1,0,0,0,0,14,4,10
2018-19,29,Karnataka,2928,BENGALURU U NORTH,5,Private Unaided (Recognized),3,HSS (I-XII),7,Ph.D,2,Bachelor of Elementary Education (B.El.Ed.),0,0,0,0,0,1,0,1,0,2,0,0,0,0,0,0,0,0,4,0,4
2018-19,29,Karnataka,2928,BENGALURU U NORTH,5,Private Unaided (Recognized),6, SS (I-X) ,7,Ph.D,7,Diploma/degree in special education,0,0,0,0,0,3,0,0,0,2,0,2,1,4,0,0,0,1,13,1,12
2018-19,29,Karnataka,2928,BENGALURU U NORTH,5,Private Unaided (Recognized),1,PS (I-V) ,7,Ph.D,2,Bachelor of Elementary Education (B.El.Ed.),0,0,0,0,1,2,0,0,0,0,0,0,0,0,0,0,0,0,3,1,2
2018-19,29,Karnataka,2928,BENGALURU U NORTH,5,Private Unaided (Recognized),2,UPS (I-VIII) ,7,Ph.D,2,Bachelor of Elementary Education (B.El.Ed.),0,0,0,0,0,0,0,0,0,1,0,0,0,0,0,0,0,0,1,0,1
2018-19,29,Karnataka,2928,BENGALURU U NORTH,5,Private Unaided (Recognized),1,PS (I-V) ,7,Ph.D,4,M.Ed. or equivalent,0,0,0,0,0,2,0,0,0,0,0,0,0,0,0,0,0,0,2,0,2
2018-19,29,Karnataka,2928,BENGALURU U NORTH,5,Private Unaided (Recognized),2,UPS (I-VIII) ,7,Ph.D,6,None,0,0,0,0,0,1,0,0,0,0,0,0,0,0,0,0,0,0,1,0,1
2018-19,29,Karnataka,2928,BENGALURU U NORTH,5,Private Unaided (Recognized),1,PS (I-V) ,6,M.Phil,5,Others,0,0,0,0,0,0,0,0,0,0,0,0,0,1,0,0,0,0,1,0,1
2018-19,29,Karnataka,2928,BENGALURU U NORTH,5,Private Unaided (Recognized),8,SS (IX-X),7,Ph.D,1,Diploma or certificate in basic teachers training of a duration not less than two years,0,0,0,0,0,0,0,0,0,0,0,0,0,1,0,0,0,0,1,0,1
2018-19,29,Karnataka,2928,BENGALURU U NORTH,5,Private Unaided (Recognized),6, SS (I-X) ,7,Ph.D,2,Bachelor of Elementary Education (B.El.Ed.),0,0,0,1,5,22,2,1,3,22,0,0,1,18,0,0,0,0,75,11,64
2018-19,29,Karnataka,2928,BENGALURU U NORTH,5,Private Unaided (Recognized),7,SS (VI-X),7,Ph.D,1,Diploma or certificate in basic teachers training of a duration not less than two years,0,0,0,0,0,0,0,0,0,0,0,0,2,2,0,0,0,0,4,2,2
2018-19,29,Karnataka,2928,BENGALURU U NORTH,5,Private Unaided (Recognized),6, SS (I-X) ,7,Ph.D,5,Others,0,1,0,2,0,11,0,1,0,5,0,0,0,5,0,0,0,0,25,0,25
2018-19,29,Karnataka,2928,BENGALURU U NORTH,5,Private Unaided (Recognized),2,UPS (I-VIII) ,7,Ph.D,4,M.Ed. or equivalent,0,0,0,0,0,1,0,0,0,0,0,0,0,1,0,0,0,0,2,0,2
2018-19,29,Karnataka,2928,BENGALURU U NORTH,5,Private Unaided (Recognized),7,SS (VI-X),7,Ph.D,2,Bachelor of Elementary Education (B.El.Ed.),0,0,0,0,0,0,0,0,0,0,0,0,1,2,0,0,0,0,3,1,2
2018-19,29,Karnataka,2928,BENGALURU U NORTH,5,Private Unaided (Recognized),11,HSS (XI-XII),6,M.Phil,5,Others,0,0,0,0,0,0,0,0,0,0,0,0,0,0,0,0,7,5,12,7,5
2018-19,29,Karnataka,2928,BENGALURU U NORTH,5,Private Unaided (Recognized),8,SS (IX-X),7,Ph.D,2,Bachelor of Elementary Education (B.El.Ed.),0,0,0,0,0,0,0,0,0,0,0,0,0,2,0,0,0,0,2,0,2
2018-19,29,Karnataka,2928,BENGALURU U NORTH,5,Private Unaided (Recognized),6, SS (I-X) ,7,Ph.D,1,Diploma or certificate in basic teachers training of a duration not less than two years,2,1,0,1,2,26,1,2,6,22,0,1,0,11,0,0,0,0,75,11,64
2018-19,29,Karnataka,2928,BENGALURU U NORTH,5,Private Unaided (Recognized),11,HSS (XI-XII),7,Ph.D,2,Bachelor of Elementary Education (B.El.Ed.),0,0,0,0,0,0,0,0,0,0,0,0,0,0,0,0,1,0,1,1,0
2018-19,29,Karnataka,2928,BENGALURU U NORTH,5,Private Unaided (Recognized),2,UPS (I-VIII) ,7,Ph.D,3,B.Ed. or equivalent,0,0,0,0,0,3,0,0,0,0,0,0,0,0,0,0,0,0,3,0,3
2018-19,29,Karnataka,2928,BENGALURU U NORTH,5,Private Unaided (Recognized),1,PS (I-V) ,7,Ph.D,7,Diploma/degree in special education,0,0,0,0,0,1,0,0,0,0,0,0,0,0,0,0,0,0,1,0,1
2018-19,29,Karnataka,2928,BENGALURU U NORTH,5,Private Unaided (Recognized),1,PS (I-V) ,6,M.Phil,6,None,0,0,0,0,0,1,0,0,0,0,0,0,0,0,0,0,0,0,1,0,1
2018-19,29,Karnataka,2928,BENGALURU U NORTH,5,Private Unaided (Recognized),6, SS (I-X) ,6,M.Phil,5,Others,2,0,0,1,0,1,0,0,0,2,0,0,0,2,0,0,0,0,8,2,6
2018-19,29,Karnataka,2928,BENGALURU U NORTH,5,Private Unaided (Recognized),11,HSS (XI-XII),8,Post Doctoral,1,Diploma or certificate in basic teachers training of a duration not less than two years,0,0,0,0,0,0,0,0,0,0,0,0,0,0,0,0,2,0,2,2,0
2018-19,29,Karnataka,2928,BENGALURU U NORTH,5,Private Unaided (Recognized),11,HSS (XI-XII),6,M.Phil,6,None,0,0,0,1,0,0,0,0,2,0,0,0,1,0,0,0,23,27,54,26,28
2018-19,29,Karnataka,2928,BENGALURU U NORTH,5,Private Unaided (Recognized),6, SS (I-X) ,7,Ph.D,4,M.Ed. or equivalent,0,0,0,0,0,7,1,0,0,3,0,1,3,2,0,0,0,0,17,4,13
2018-19,29,Karnataka,2928,BENGALURU U NORTH,5,Private Unaided (Recognized),6, SS (I-X) ,8,Post Doctoral,3,B.Ed. or equivalent,0,0,0,0,0,0,0,0,0,2,0,0,0,1,0,0,0,0,3,0,3
2018-19,29,Karnataka,2928,BENGALURU U NORTH,5,Private Unaided (Recognized),1,PS (I-V) ,7,Ph.D,3,B.Ed. or equivalent,0,0,0,0,0,1,0,0,0,0,0,0,0,0,0,0,0,0,1,0,1
2018-19,29,Karnataka,2928,BENGALURU U NORTH,5,Private Unaided (Recognized),6, SS (I-X) ,7,Ph.D,3,B.Ed. or equivalent,0,0,0,0,1,10,0,1,0,5,0,1,2,0,0,0,0,0,20,3,17
2018-19,29,Karnataka,2928,BENGALURU U NORTH,5,Private Unaided (Recognized),3,HSS (I-XII),6,M.Phil,6,None,0,0,0,0,0,0,0,0,1,0,0,0,0,0,0,0,0,0,1,1,0
2018-19,29,Karnataka,2928,BENGALURU U NORTH,5,Private Unaided (Recognized),6, SS (I-X) ,6,M.Phil,7,Diploma/degree in special education,0,0,0,0,0,0,0,0,0,1,0,0,0,0,0,0,0,0,1,0,1
2018-19,29,Karnataka,2928,BENGALURU U NORTH,5,Private Unaided (Recognized),3,HSS (I-XII),7,Ph.D,1,Diploma or certificate in basic teachers training of a duration not less than two years,0,0,0,0,0,5,0,0,0,0,0,0,0,0,0,0,0,0,5,0,5
2018-19,29,Karnataka,2928,BENGALURU U NORTH,5,Private Unaided (Recognized),11,HSS (XI-XII),6,M.Phil,4,M.Ed. or equivalent,0,0,0,0,0,0,0,0,0,0,0,0,1,0,0,0,5,6,12,6,6
2018-19,29,Karnataka,2928,BENGALURU U NORTH,5,Private Unaided (Recognized),7,SS (VI-X),7,Ph.D,4,M.Ed. or equivalent,0,0,0,0,0,0,0,0,0,0,0,0,0,1,0,0,0,0,1,0,1
2018-19,29,Karnataka,2928,BENGALURU U NORTH,5,Private Unaided (Recognized),6, SS (I-X) ,8,Post Doctoral,1,Diploma or certificate in basic teachers training of a duration not less than two years,0,0,0,0,0,0,0,0,0,1,0,0,0,0,0,0,0,0,1,0,1
2018-19,29,Karnataka,2928,BENGALURU U NORTH,5,Private Unaided (Recognized),11,HSS (XI-XII),7,Ph.D,6,None,0,0,1,0,0,0,0,0,1,0,0,0,0,0,0,0,5,8,15,7,8
2018-19,29,Karnataka,2928,BENGALURU U NORTH,5,Private Unaided (Recognized),8,SS (IX-X),7,Ph.D,4,M.Ed. or equivalent,0,0,0,0,0,0,0,0,0,0,0,0,0,1,0,0,0,0,1,0,1
2018-19,29,Karnataka,2928,BENGALURU U NORTH,5,Private Unaided (Recognized),8,SS (IX-X),6,M.Phil,4,M.Ed. or equivalent,0,0,0,0,0,0,0,0,0,0,0,0,0,1,0,0,0,0,1,0,1
2018-19,29,Karnataka,2928,BENGALURU U NORTH,5,Private Unaided (Recognized),3,HSS (I-XII),7,Ph.D,3,B.Ed. or equivalent,0,2,0,0,0,0,0,0,0,1,0,0,0,2,0,0,0,0,5,0,5
2018-19,29,Karnataka,2928,BENGALURU U NORTH,5,Private Unaided (Recognized),11,HSS (XI-XII),7,Ph.D,5,Others,0,0,0,0,0,0,0,0,0,0,0,0,0,0,0,0,1,0,1,1,0
2018-19,29,Karnataka,2928,BENGALURU U NORTH,5,Private Unaided (Recognized),5, HSS (VI-XII),7,Ph.D,5,Others,0,0,0,0,0,0,0,0,0,0,0,0,0,0,0,0,1,0,1,1,0
2018-19,29,Karnataka,2928,BENGALURU U NORTH,5,Private Unaided (Recognized),3,HSS (I-XII),7,Ph.D,5,Others,0,0,0,0,0,1,0,0,0,0,0,0,0,0,0,0,0,0,1,0,1
2018-19,29,Karnataka,2928,BENGALURU U NORTH,5,Private Unaided (Recognized),11,HSS (XI-XII),7,Ph.D,3,B.Ed. or equivalent,0,0,1,0,0,0,0,0,1,0,0,0,0,0,0,0,3,1,6,5,1
2018-19,29,Karnataka,2928,BENGALURU U NORTH,5,Private Unaided (Recognized),3,HSS (I-XII),7,Ph.D,6,None,0,0,0,0,0,0,0,0,0,4,0,0,0,0,0,0,0,0,4,0,4
2018-19,29,Karnataka,2928,BENGALURU U NORTH,5,Private Unaided (Recognized),6, SS (I-X) ,8,Post Doctoral,2,Bachelor of Elementary Education (B.El.Ed.),0,0,0,0,0,0,0,0,0,1,0,0,0,0,0,0,0,0,1,0,1
2018-19,29,Karnataka,2928,BENGALURU U NORTH,5,Private Unaided (Recognized),2,UPS (I-VIII) ,7,Ph.D,5,Others,0,0,0,0,0,1,0,0,2,3,0,0,0,0,0,0,0,0,6,2,4
2018-19,29,Karnataka,2928,BENGALURU U NORTH,5,Private Unaided (Recognized),11,HSS (XI-XII),7,Ph.D,4,M.Ed. or equivalent,0,0,0,0,0,0,0,0,0,0,0,0,0,0,0,0,3,6,9,3,6
2018-19,29,Karnataka,2928,BENGALURU U NORTH,5,Private Unaided (Recognized),7,SS (VI-X),5,Post graduate,3,B.Ed. or equivalent,4,8,0,0,0,0,0,0,1,1,0,0,24,44,0,0,0,0,82,29,53
2018-19,29,Karnataka,2928,BENGALURU U NORTH,5,Private Unaided (Recognized),6, SS (I-X) ,5,Post graduate,3,B.Ed. or equivalent,36,77,0,0,34,149,11,30,34,161,8,27,38,191,8,21,4,22,851,173,678
2018-19,29,Karnataka,2928,BENGALURU U NORTH,5,Private Unaided (Recognized),1,PS (I-V) ,5,Post graduate,3,B.Ed. or equivalent,0,0,0,0,1,7,0,0,1,0,0,0,3,3,0,0,0,0,15,5,10
2018-19,29,Karnataka,2928,BENGALURU U NORTH,5,Private Unaided (Recognized),6, SS (I-X) ,5,Post graduate,4,M.Ed. or equivalent,19,23,0,0,9,39,2,5,14,48,2,5,7,37,8,8,0,2,228,61,167
2018-19,29,Karnataka,2928,BENGALURU U NORTH,5,Private Unaided (Recognized),11,HSS (XI-XII),5,Post graduate,2,Bachelor of Elementary Education (B.El.Ed.),0,0,0,1,0,0,0,0,1,0,0,0,0,0,0,0,9,20,31,10,21
2018-19,29,Karnataka,2928,BENGALURU U NORTH,5,Private Unaided (Recognized),7,SS (VI-X),5,Post graduate,2,Bachelor of Elementary Education (B.El.Ed.),4,1,0,0,0,0,0,0,0,5,0,0,13,30,1,5,0,0,59,18,41
2018-19,29,Karnataka,2928,BENGALURU U NORTH,5,Private Unaided (Recognized),2,UPS (I-VIII) ,5,Post graduate,4,M.Ed. or equivalent,0,0,0,1,0,12,0,3,0,8,1,4,0,4,0,0,0,0,33,1,32
2018-19,29,Karnataka,2928,BENGALURU U NORTH,5,Private Unaided (Recognized),8,SS (IX-X),5,Post graduate,2,Bachelor of Elementary Education (B.El.Ed.),0,4,0,0,0,0,0,0,0,1,0,0,5,11,0,0,0,0,21,5,16
2018-19,29,Karnataka,2928,BENGALURU U NORTH,5,Private Unaided (Recognized),8,SS (IX-X),5,Post graduate,3,B.Ed. or equivalent,0,1,0,0,0,0,0,0,0,4,0,0,2,13,0,0,0,0,20,2,18
2018-19,29,Karnataka,2928,BENGALURU U NORTH,5,Private Unaided (Recognized),11,HSS (XI-XII),5,Post graduate,3,B.Ed. or equivalent,0,0,3,5,0,0,0,0,1,4,0,0,1,0,0,0,43,76,133,48,85
2018-19,29,Karnataka,2928,BENGALURU U NORTH,5,Private Unaided (Recognized),2,UPS (I-VIII) ,5,Post graduate,3,B.Ed. or equivalent,0,0,0,0,3,33,0,5,4,32,3,9,1,6,0,3,0,6,105,11,94
2018-19,29,Karnataka,2928,BENGALURU U NORTH,5,Private Unaided (Recognized),3,HSS (I-XII),5,Post graduate,4,M.Ed. or equivalent,1,3,0,0,0,5,0,0,1,6,0,0,5,16,0,0,1,2,40,8,32
2018-19,29,Karnataka,2928,BENGALURU U NORTH,5,Private Unaided (Recognized),5, HSS (VI-XII),5,Post graduate,3,B.Ed. or equivalent,0,2,0,0,0,0,0,0,0,0,0,0,0,16,0,0,5,3,26,5,21
2018-19,29,Karnataka,2928,BENGALURU U NORTH,5,Private Unaided (Recognized),3,HSS (I-XII),5,Post graduate,3,B.Ed. or equivalent,0,16,0,0,0,17,1,1,1,19,0,2,3,29,0,0,0,1,90,5,85
2018-19,29,Karnataka,2928,BENGALURU U NORTH,5,Private Unaided (Recognized),3,HSS (I-XII),5,Post graduate,5,Others,0,1,0,0,1,1,0,0,0,0,0,0,0,1,0,0,0,0,4,1,3
2018-19,29,Karnataka,2928,BENGALURU U NORTH,5,Private Unaided (Recognized),6, SS (I-X) ,5,Post graduate,6,None,2,10,0,0,7,65,6,25,12,81,1,6,11,37,0,8,0,2,273,39,234
2018-19,29,Karnataka,2928,BENGALURU U NORTH,5,Private Unaided (Recognized),8,SS (IX-X),5,Post graduate,5,Others,0,1,0,0,0,0,0,0,0,1,0,0,1,1,0,0,0,0,4,1,3
2018-19,29,Karnataka,2928,BENGALURU U NORTH,5,Private Unaided (Recognized),1,PS (I-V) ,5,Post graduate,5,Others,0,0,0,0,1,4,0,0,0,2,0,0,0,3,0,0,0,0,10,1,9
2018-19,29,Karnataka,2928,BENGALURU U NORTH,5,Private Unaided (Recognized),8,SS (IX-X),5,Post graduate,6,None,1,0,0,0,0,0,0,0,0,0,0,0,1,1,0,0,0,0,3,2,1
2018-19,29,Karnataka,2928,BENGALURU U NORTH,5,Private Unaided (Recognized),1,PS (I-V) ,5,Post graduate,6,None,0,0,0,0,1,4,0,0,1,0,0,0,0,0,0,0,0,0,6,2,4
2018-19,29,Karnataka,2928,BENGALURU U NORTH,5,Private Unaided (Recognized),6, SS (I-X) ,5,Post graduate,5,Others,8,14,0,1,3,48,1,8,9,50,0,3,10,40,2,5,1,19,222,34,188
2018-19,29,Karnataka,2928,BENGALURU U NORTH,5,Private Unaided (Recognized),7,SS (VI-X),5,Post graduate,4,M.Ed. or equivalent,1,3,0,0,0,0,0,0,1,2,0,0,1,6,0,0,0,0,14,3,11
2018-19,29,Karnataka,2928,BENGALURU U NORTH,5,Private Unaided (Recognized),5, HSS (VI-XII),5,Post graduate,6,None,0,0,0,0,0,0,0,0,0,0,0,0,0,0,0,0,3,5,8,3,5
2018-19,29,Karnataka,2928,BENGALURU U NORTH,5,Private Unaided (Recognized),7,SS (VI-X),5,Post graduate,5,Others,2,1,0,0,0,1,0,0,0,0,0,0,2,8,0,0,0,0,14,4,10
2018-19,29,Karnataka,2928,BENGALURU U NORTH,5,Private Unaided (Recognized),11,HSS (XI-XII),5,Post graduate,5,Others,0,0,0,1,0,0,0,0,0,0,0,0,0,0,0,0,91,90,182,91,91
2018-19,29,Karnataka,2928,BENGALURU U NORTH,5,Private Unaided (Recognized),2,UPS (I-VIII) ,5,Post graduate,6,None,0,1,0,0,6,19,0,0,2,11,0,3,0,1,0,0,0,2,45,8,37
2018-19,29,Karnataka,2928,BENGALURU U NORTH,5,Private Unaided (Recognized),11,HSS (XI-XII),5,Post graduate,4,M.Ed. or equivalent,0,0,1,0,0,0,0,0,0,2,0,0,0,0,0,0,33,64,100,34,66
2018-19,29,Karnataka,2928,BENGALURU U NORTH,5,Private Unaided (Recognized),5, HSS (VI-XII),5,Post graduate,5,Others,0,1,0,0,0,0,0,0,0,0,0,0,0,4,0,0,2,9,16,2,14
2018-19,29,Karnataka,2928,BENGALURU U NORTH,5,Private Unaided (Recognized),8,SS (IX-X),5,Post graduate,4,M.Ed. or equivalent,0,0,0,0,0,0,0,0,0,0,0,0,4,9,0,0,0,0,13,4,9
2018-19,29,Karnataka,2928,BENGALURU U NORTH,5,Private Unaided (Recognized),2,UPS (I-VIII) ,5,Post graduate,5,Others,0,0,0,0,0,15,0,3,0,20,1,4,0,2,0,0,0,0,45,1,44
2018-19,29,Karnataka,2928,BENGALURU U NORTH,5,Private Unaided (Recognized),3,HSS (I-XII),5,Post graduate,6,None,0,0,0,0,0,0,1,2,0,0,0,0,0,1,6,22,0,0,32,7,25
2018-19,29,Karnataka,2928,BENGALURU U NORTH,5,Private Unaided (Recognized),7,SS (VI-X),5,Post graduate,6,None,0,5,0,0,0,0,0,0,0,0,0,0,10,6,0,0,0,0,21,10,11
2018-19,29,Karnataka,2928,BENGALURU U NORTH,1,Department of Education,8,SS (IX-X),6,M.Phil,4,M.Ed. or equivalent,0,0,0,0,0,0,0,0,0,0,0,0,1,0,0,0,0,0,1,1,0
2018-19,29,Karnataka,2928,BENGALURU U NORTH,1,Department of Education,11,HSS (XI-XII),5,Post graduate,7,Diploma/degree in special education,0,0,0,0,0,0,0,0,0,0,0,0,0,0,0,0,1,0,1,1,0
2018-19,29,Karnataka,2928,BENGALURU U NORTH,1,Department of Education,6, SS (I-X) ,6,M.Phil,4,M.Ed. or equivalent,0,1,0,0,0,0,0,0,0,0,0,0,0,0,0,0,0,0,1,0,1
2018-19,29,Karnataka,2928,BENGALURU U NORTH,1,Department of Education,5, HSS (VI-XII),6,M.Phil,6,None,0,0,0,0,0,0,0,0,0,0,0,0,0,0,0,0,0,1,1,0,1
2018-19,29,Karnataka,2928,BENGALURU U NORTH,1,Department of Education,2,UPS (I-VIII) ,6,M.Phil,1,Diploma or certificate in basic teachers training of a duration not less than two years,0,0,0,0,0,0,0,0,1,0,0,1,0,0,0,0,0,0,2,1,1
2018-19,29,Karnataka,2928,BENGALURU U NORTH,1,Department of Education,5, HSS (VI-XII),6,M.Phil,4,M.Ed. or equivalent,0,0,0,0,0,0,0,0,0,0,0,0,1,0,0,0,0,0,1,1,0
2018-19,29,Karnataka,2928,BENGALURU U NORTH,1,Department of Education,7,SS (VI-X),5,Post graduate,7,Diploma/degree in special education,1,0,0,0,0,0,0,0,0,0,0,0,0,2,0,1,0,0,4,1,3
2018-19,29,Karnataka,2928,BENGALURU U NORTH,1,Department of Education,6, SS (I-X) ,6,M.Phil,3,B.Ed. or equivalent,0,0,0,0,0,0,0,0,0,1,0,0,0,1,0,0,0,0,2,0,2
2018-19,29,Karnataka,2928,BENGALURU U NORTH,1,Department of Education,7,SS (VI-X),6,M.Phil,3,B.Ed. or equivalent,0,0,0,0,0,0,0,0,0,0,0,0,0,1,0,0,0,0,1,0,1
2018-19,29,Karnataka,2928,BENGALURU U NORTH,1,Department of Education,8,SS (IX-X),6,M.Phil,3,B.Ed. or equivalent,0,0,0,0,0,0,0,0,0,0,0,0,0,1,0,0,0,0,1,0,1
2018-19,29,Karnataka,2928,BENGALURU U NORTH,1,Department of Education,7,SS (VI-X),6,M.Phil,4,M.Ed. or equivalent,1,1,0,0,0,0,0,0,0,0,0,0,2,2,0,0,0,0,6,3,3
2018-19,29,Karnataka,2928,BENGALURU U NORTH,1,Department of Education,5, HSS (VI-XII),6,M.Phil,5,Others,0,0,0,0,0,0,0,0,0,0,0,0,0,0,0,0,4,2,6,4,2
2018-19,29,Karnataka,2928,BENGALURU U NORTH,1,Department of Education,5, HSS (VI-XII),6,M.Phil,3,B.Ed. or equivalent,0,0,0,0,0,0,0,0,0,0,0,0,0,0,0,0,1,3,4,1,3
2018-19,29,Karnataka,2928,BENGALURU U NORTH,3,Local body,7,SS (VI-X),4,Graduate,1,Diploma or certificate in basic teachers training of a duration not less than two years,0,0,0,0,0,0,0,0,0,0,0,0,0,2,0,0,0,0,2,0,2
2018-19,29,Karnataka,2928,BENGALURU U NORTH,92,Kendriya Vidyalaya / Central School,3,HSS (I-XII),5,Post graduate,5,Others,0,0,0,0,0,0,0,0,1,1,0,0,0,0,0,0,0,1,3,1,2
2018-19,29,Karnataka,2928,BENGALURU U NORTH,3,Local body,5, HSS (VI-XII),4,Graduate,2,Bachelor of Elementary Education (B.El.Ed.),0,0,0,0,0,0,0,0,0,0,0,0,4,0,0,0,0,0,4,4,0
2018-19,29,Karnataka,2928,BENGALURU U NORTH,92,Kendriya Vidyalaya / Central School,3,HSS (I-XII),6,M.Phil,4,M.Ed. or equivalent,0,0,0,0,0,0,0,0,0,0,0,0,0,1,0,0,1,0,2,1,1
2018-19,29,Karnataka,2928,BENGALURU U NORTH,92,Kendriya Vidyalaya / Central School,3,HSS (I-XII),7,Ph.D,4,M.Ed. or equivalent,0,0,0,0,2,0,0,0,0,0,0,0,0,0,0,0,0,0,2,2,0
2018-19,29,Karnataka,2928,BENGALURU U NORTH,92,Kendriya Vidyalaya / Central School,3,HSS (I-XII),7,Ph.D,7,Diploma/degree in special education,0,0,0,0,0,0,0,0,0,0,0,0,1,0,0,0,0,0,1,1,0
2018-19,29,Karnataka,2928,BENGALURU U NORTH,92,Kendriya Vidyalaya / Central School,3,HSS (I-XII),5,Post graduate,6,None,0,0,0,0,0,0,0,0,1,0,0,0,0,1,0,0,0,0,2,1,1
2018-19,29,Karnataka,2928,BENGALURU U NORTH,3,Local body,2,UPS (I-VIII) ,3,Higher secondary,1,Diploma or certificate in basic teachers training of a duration not less than two years,0,0,0,0,2,12,0,0,2,6,0,0,0,0,0,0,0,0,22,4,18
2018-19,29,Karnataka,2928,BENGALURU U NORTH,92,Kendriya Vidyalaya / Central School,3,HSS (I-XII),6,M.Phil,5,Others,0,0,0,0,1,0,0,0,0,0,0,0,0,1,0,0,0,1,3,1,2
2018-19,29,Karnataka,2928,BENGALURU U NORTH,92,Kendriya Vidyalaya / Central School,3,HSS (I-XII),6,M.Phil,1,Diploma or certificate in basic teachers training of a duration not less than two years,0,0,0,0,1,0,0,0,1,0,0,0,2,2,0,0,0,7,13,4,9
2018-19,29,Karnataka,2928,BENGALURU U NORTH,92,Kendriya Vidyalaya / Central School,3,HSS (I-XII),5,Post graduate,4,M.Ed. or equivalent,0,0,0,0,1,3,0,0,1,2,0,0,1,0,0,0,3,3,14,6,8
2018-19,29,Karnataka,2928,BENGALURU U NORTH,3,Local body,7,SS (VI-X),4,Graduate,2,Bachelor of Elementary Education (B.El.Ed.),0,0,0,0,0,0,0,0,0,0,0,0,9,4,0,0,0,0,13,9,4
2018-19,29,Karnataka,2928,BENGALURU U NORTH,3,Local body,7,SS (VI-X),3,Higher secondary,5,Others,0,0,0,0,0,0,0,0,0,0,0,0,0,1,0,0,0,0,1,0,1
2018-19,29,Karnataka,2928,BENGALURU U NORTH,92,Kendriya Vidyalaya / Central School,3,HSS (I-XII),6,M.Phil,6,None,0,0,0,0,0,0,0,0,2,0,0,0,3,1,0,0,0,0,6,5,1
2018-19,29,Karnataka,2928,BENGALURU U NORTH,3,Local body,2,UPS (I-VIII) ,4,Graduate,1,Diploma or certificate in basic teachers training of a duration not less than two years,0,0,0,0,1,0,0,0,1,2,0,0,0,0,0,0,0,0,4,2,2
2018-19,29,Karnataka,2928,BENGALURU U NORTH,92,Kendriya Vidyalaya / Central School,3,HSS (I-XII),6,M.Phil,3,B.Ed. or equivalent,0,0,0,0,0,0,0,0,0,0,0,0,0,3,0,0,3,1,7,3,4
2018-19,29,Karnataka,2928,BENGALURU U NORTH,5,Private Unaided (Recognized),1,PS (I-V) ,5,Post graduate,4,M.Ed. or equivalent,0,0,0,0,1,0,0,0,0,0,0,0,0,0,0,0,0,0,1,1,0
2018-19,29,Karnataka,2928,BENGALURU U NORTH,3,Local body,7,SS (VI-X),5,Post graduate,3,B.Ed. or equivalent,2,0,0,0,0,0,0,0,0,0,0,0,7,10,0,0,0,0,19,9,10
2018-19,29,Karnataka,2928,BENGALURU U NORTH,3,Local body,5, HSS (VI-XII),5,Post graduate,3,B.Ed. or equivalent,0,0,0,0,0,0,0,0,0,0,0,0,2,1,0,0,0,0,3,2,1
2018-19,29,Karnataka,2928,BENGALURU U NORTH,3,Local body,5, HSS (VI-XII),5,Post graduate,2,Bachelor of Elementary Education (B.El.Ed.),0,0,0,0,0,0,0,0,0,0,0,0,4,1,0,0,0,0,5,4,1
2018-19,29,Karnataka,2928,BENGALURU U NORTH,3,Local body,7,SS (VI-X),4,Graduate,3,B.Ed. or equivalent,0,0,0,0,0,0,0,0,0,0,0,0,12,16,0,0,0,0,28,12,16
2018-19,29,Karnataka,2928,BENGALURU U NORTH,3,Local body,7,SS (VI-X),5,Post graduate,2,Bachelor of Elementary Education (B.El.Ed.),1,0,0,0,0,0,0,0,0,0,0,0,0,7,0,0,0,0,8,1,7
2018-19,29,Karnataka,2928,BENGALURU U NORTH,3,Local body,2,UPS (I-VIII) ,5,Post graduate,3,B.Ed. or equivalent,0,0,0,0,0,0,0,0,0,1,0,0,0,0,0,0,0,0,1,0,1
2018-19,29,Karnataka,2928,BENGALURU U NORTH,3,Local body,7,SS (VI-X),4,Graduate,5,Others,0,0,0,0,0,0,0,0,0,0,0,0,2,1,0,0,0,0,3,2,1
2018-19,29,Karnataka,2928,BENGALURU U NORTH,3,Local body,5, HSS (VI-XII),5,Post graduate,4,M.Ed. or equivalent,0,0,0,0,0,0,0,0,0,0,0,0,0,3,0,0,0,0,3,0,3
2018-19,29,Karnataka,2928,BENGALURU U NORTH,3,Local body,5, HSS (VI-XII),5,Post graduate,6,None,0,0,0,0,0,0,0,0,0,0,0,0,3,0,0,0,0,0,3,3,0
2018-19,29,Karnataka,2928,BENGALURU U NORTH,3,Local body,7,SS (VI-X),5,Post graduate,6,None,0,0,0,0,0,0,0,0,0,0,0,0,1,2,0,0,0,0,3,1,2
2018-19,29,Karnataka,2928,BENGALURU U NORTH,3,Local body,11,HSS (XI-XII),5,Post graduate,3,B.Ed. or equivalent,0,0,0,0,0,0,0,0,0,0,0,0,0,0,0,0,6,2,8,6,2
2018-19,29,Karnataka,2928,BENGALURU U NORTH,3,Local body,11,HSS (XI-XII),5,Post graduate,2,Bachelor of Elementary Education (B.El.Ed.),0,0,0,0,0,0,0,0,0,0,0,0,0,0,0,0,3,2,5,3,2
2018-19,29,Karnataka,2928,BENGALURU U NORTH,3,Local body,7,SS (VI-X),4,Graduate,6,None,0,0,0,0,0,0,0,0,0,0,0,0,2,1,0,0,0,0,3,2,1
2018-19,29,Karnataka,2928,BENGALURU U NORTH,3,Local body,7,SS (VI-X),7,Ph.D,2,Bachelor of Elementary Education (B.El.Ed.),0,0,0,0,0,0,0,0,0,0,0,0,3,1,0,0,0,0,4,3,1
2018-19,29,Karnataka,2928,BENGALURU U NORTH,3,Local body,11,HSS (XI-XII),5,Post graduate,6,None,0,0,0,0,0,0,0,0,0,0,0,0,0,0,0,0,0,1,1,0,1
2018-19,29,Karnataka,2928,BENGALURU U NORTH,3,Local body,7,SS (VI-X),5,Post graduate,4,M.Ed. or equivalent,1,0,0,0,0,0,0,0,0,0,0,0,0,2,0,0,0,0,3,1,2
2018-19,29,Karnataka,2928,BENGALURU U NORTH,3,Local body,5, HSS (VI-XII),4,Graduate,3,B.Ed. or equivalent,0,0,0,0,0,0,0,0,0,0,0,0,3,4,0,0,0,0,7,3,4
2018-19,29,Karnataka,2928,BENGALURU U NORTH,3,Local body,7,SS (VI-X),6,M.Phil,5,Others,0,0,0,0,0,0,0,0,0,0,0,0,1,0,0,0,0,0,1,1,0
2018-19,29,Karnataka,2928,BENGALURU U NORTH,3,Local body,7,SS (VI-X),4,Graduate,4,M.Ed. or equivalent,0,0,0,0,0,0,0,0,0,0,0,0,2,0,0,0,0,0,2,2,0
2018-19,29,Karnataka,2928,BENGALURU U NORTH,1,Department of Education,7,SS (VI-X),5,Post graduate,5,Others,0,1,0,0,0,0,0,0,0,0,0,0,1,2,0,0,0,0,4,1,3
2018-19,29,Karnataka,2928,BENGALURU U NORTH,1,Department of Education,2,UPS (I-VIII) ,5,Post graduate,5,Others,0,0,0,0,0,0,0,0,0,1,0,0,0,1,0,0,0,0,2,0,2
2018-19,29,Karnataka,2928,BENGALURU U NORTH,1,Department of Education,5, HSS (VI-XII),5,Post graduate,4,M.Ed. or equivalent,0,0,0,0,0,0,0,0,0,0,0,0,0,1,0,0,0,0,1,0,1
2018-19,29,Karnataka,2928,BENGALURU U NORTH,1,Department of Education,5, HSS (VI-XII),5,Post graduate,5,Others,0,0,0,0,0,0,0,0,0,0,0,0,0,2,0,0,5,7,14,5,9
2018-19,29,Karnataka,2928,BENGALURU U NORTH,1,Department of Education,8,SS (IX-X),5,Post graduate,4,M.Ed. or equivalent,0,2,0,0,0,0,0,0,0,0,0,0,2,4,0,0,0,0,8,2,6
2018-19,29,Karnataka,2928,BENGALURU U NORTH,1,Department of Education,7,SS (VI-X),5,Post graduate,6,None,0,0,0,0,0,0,0,0,0,0,0,0,1,1,0,0,0,0,2,1,1
2018-19,29,Karnataka,2928,BENGALURU U NORTH,1,Department of Education,8,SS (IX-X),5,Post graduate,5,Others,0,0,0,0,0,0,0,0,0,0,0,0,1,0,0,0,0,0,1,1,0
2018-19,29,Karnataka,2928,BENGALURU U NORTH,1,Department of Education,2,UPS (I-VIII) ,5,Post graduate,6,None,0,0,0,0,0,0,0,0,0,1,0,0,0,0,0,0,0,0,1,0,1
2018-19,29,Karnataka,2928,BENGALURU U NORTH,1,Department of Education,5, HSS (VI-XII),5,Post graduate,6,None,0,0,0,0,0,0,0,0,0,0,0,0,0,1,0,0,17,17,35,17,18
2018-19,29,Karnataka,2928,BENGALURU U NORTH,1,Department of Education,11,HSS (XI-XII),5,Post graduate,6,None,0,0,0,0,0,0,0,0,0,0,0,0,0,0,0,0,1,10,11,1,10
2018-19,29,Karnataka,2928,BENGALURU U NORTH,1,Department of Education,1,PS (I-V) ,5,Post graduate,7,Diploma/degree in special education,0,0,0,0,0,1,0,0,0,2,0,0,0,0,0,0,0,0,3,0,3
2018-19,29,Karnataka,2928,BENGALURU U NORTH,1,Department of Education,7,SS (VI-X),5,Post graduate,4,M.Ed. or equivalent,3,14,0,0,0,0,0,0,0,1,0,0,5,12,0,1,0,0,36,8,28
2018-19,29,Karnataka,2928,BENGALURU U NORTH,1,Department of Education,6, SS (I-X) ,5,Post graduate,4,M.Ed. or equivalent,0,0,0,0,0,0,0,0,0,0,0,0,0,1,0,0,0,0,1,0,1
2018-19,29,Karnataka,2928,BENGALURU U NORTH,1,Department of Education,5, HSS (VI-XII),7,Ph.D,5,Others,0,0,0,0,0,0,0,0,0,0,0,0,0,0,0,0,1,1,2,1,1
2018-19,29,Karnataka,2928,BENGALURU U NORTH,1,Department of Education,1,PS (I-V) ,7,Ph.D,1,Diploma or certificate in basic teachers training of a duration not less than two years,0,0,0,0,0,3,0,0,0,0,0,0,0,0,0,0,0,0,3,0,3
2018-19,29,Karnataka,2928,BENGALURU U NORTH,1,Department of Education,2,UPS (I-VIII) ,7,Ph.D,3,B.Ed. or equivalent,0,0,0,0,0,0,0,0,0,1,0,0,0,0,0,0,0,0,1,0,1
2018-19,29,Karnataka,2928,BENGALURU U NORTH,1,Department of Education,7,SS (VI-X),7,Ph.D,2,Bachelor of Elementary Education (B.El.Ed.),0,0,0,0,0,0,0,0,0,0,0,0,2,1,0,0,0,0,3,2,1
2018-19,29,Karnataka,2928,BENGALURU U NORTH,1,Department of Education,7,SS (VI-X),7,Ph.D,1,Diploma or certificate in basic teachers training of a duration not less than two years,0,0,0,0,0,0,0,0,0,0,0,0,0,3,0,0,0,0,3,0,3
2018-19,29,Karnataka,2928,BENGALURU U NORTH,1,Department of Education,2,UPS (I-VIII) ,7,Ph.D,1,Diploma or certificate in basic teachers training of a duration not less than two years,0,0,0,0,0,1,0,0,0,3,0,0,0,0,0,0,0,0,4,0,4
2018-19,29,Karnataka,2928,BENGALURU U NORTH,5,Private Unaided (Recognized),6, SS (I-X) ,2,Secondary,6,None,0,0,0,0,0,0,0,0,0,1,0,0,0,0,0,0,0,0,1,0,1
2018-19,29,Karnataka,2928,BENGALURU U NORTH,5,Private Unaided (Recognized),3,HSS (I-XII),3,Higher secondary,1,Diploma or certificate in basic teachers training of a duration not less than two years,0,0,0,0,0,6,0,0,2,7,0,0,0,1,0,0,0,0,16,2,14
2018-19,29,Karnataka,2928,BENGALURU U NORTH,5,Private Unaided (Recognized),6, SS (I-X) ,3,Higher secondary,1,Diploma or certificate in basic teachers training of a duration not less than two years,9,7,0,0,54,456,17,68,53,439,4,9,13,84,3,1,1,8,1226,154,1072
2018-19,29,Karnataka,2928,BENGALURU U NORTH,5,Private Unaided (Recognized),7,SS (VI-X),3,Higher secondary,1,Diploma or certificate in basic teachers training of a duration not less than two years,0,0,0,0,0,0,0,0,0,0,0,0,1,2,0,1,0,0,4,1,3
2018-19,29,Karnataka,2928,BENGALURU U NORTH,5,Private Unaided (Recognized),6, SS (I-X) ,2,Secondary,7,Diploma/degree in special education,0,0,0,0,0,2,0,0,0,1,0,0,0,0,0,0,0,0,3,0,3
2018-19,29,Karnataka,2928,BENGALURU U NORTH,5,Private Unaided (Recognized),8,SS (IX-X),3,Higher secondary,1,Diploma or certificate in basic teachers training of a duration not less than two years,0,0,0,0,1,2,0,0,1,0,0,0,5,0,0,0,0,0,9,7,2
2018-19,29,Karnataka,2928,BENGALURU U NORTH,5,Private Unaided (Recognized),1,PS (I-V) ,3,Higher secondary,1,Diploma or certificate in basic teachers training of a duration not less than two years,0,0,0,0,2,55,0,1,0,7,0,0,0,1,0,0,0,0,66,2,64
2018-19,29,Karnataka,2928,BENGALURU U NORTH,5,Private Unaided (Recognized),11,HSS (XI-XII),3,Higher secondary,1,Diploma or certificate in basic teachers training of a duration not less than two years,0,0,0,0,1,1,0,0,0,1,0,0,0,0,0,0,1,3,7,2,5
2018-19,29,Karnataka,2928,BENGALURU U NORTH,5,Private Unaided (Recognized),4,UPS (VI-VIII) ,3,Higher secondary,1,Diploma or certificate in basic teachers training of a duration not less than two years,0,0,0,0,0,0,0,0,1,4,0,1,1,0,0,0,0,1,8,2,6
2018-19,29,Karnataka,2928,BENGALURU U NORTH,5,Private Unaided (Recognized),5, HSS (VI-XII),3,Higher secondary,1,Diploma or certificate in basic teachers training of a duration not less than two years,1,0,0,0,0,0,0,0,0,0,0,0,0,0,0,0,0,0,1,1,0
2018-19,29,Karnataka,2928,BENGALURU U NORTH,5,Private Unaided (Recognized),2,UPS (I-VIII) ,2,Secondary,7,Diploma/degree in special education,0,0,0,0,0,3,0,0,0,0,0,0,0,0,0,0,0,0,3,0,3
2018-19,29,Karnataka,2928,BENGALURU U NORTH,5,Private Unaided (Recognized),2,UPS (I-VIII) ,2,Secondary,5,Others,0,0,0,0,0,2,0,1,0,3,0,0,0,0,0,0,0,0,6,0,6
2018-19,29,Karnataka,2928,BENGALURU U NORTH,5,Private Unaided (Recognized),2,UPS (I-VIII) ,3,Higher secondary,1,Diploma or certificate in basic teachers training of a duration not less than two years,0,0,0,0,20,284,1,15,8,223,0,1,0,7,0,0,0,4,563,29,534
2018-19,29,Karnataka,2928,BENGALURU U NORTH,5,Private Unaided (Recognized),6, SS (I-X) ,2,Secondary,5,Others,0,0,0,0,1,5,0,1,0,3,1,0,0,1,0,0,0,0,12,2,10
2018-19,29,Karnataka,2928,BENGALURU U NORTH,4,Government Aided,2,UPS (I-VIII) ,5,Post graduate,3,B.Ed. or equivalent,0,0,0,0,0,0,0,0,0,4,0,0,0,0,0,0,0,0,4,0,4
2018-19,29,Karnataka,2928,BENGALURU U NORTH,4,Government Aided,2,UPS (I-VIII) ,5,Post graduate,2,Bachelor of Elementary Education (B.El.Ed.),0,0,0,0,4,2,0,0,0,3,0,0,0,0,0,0,0,0,9,4,5
2018-19,29,Karnataka,2928,BENGALURU U NORTH,4,Government Aided,6, SS (I-X) ,5,Post graduate,2,Bachelor of Elementary Education (B.El.Ed.),0,0,0,0,0,0,0,0,2,0,0,0,0,0,0,0,0,0,2,2,0
2018-19,29,Karnataka,2928,BENGALURU U NORTH,4,Government Aided,11,HSS (XI-XII),5,Post graduate,2,Bachelor of Elementary Education (B.El.Ed.),0,0,0,0,0,0,0,0,0,0,0,0,0,0,0,0,1,0,1,1,0
2018-19,29,Karnataka,2928,BENGALURU U NORTH,4,Government Aided,2,UPS (I-VIII) ,4,Graduate,7,Diploma/degree in special education,0,0,0,0,0,2,0,0,0,12,0,0,0,0,0,0,0,0,14,0,14
2018-19,29,Karnataka,2928,BENGALURU U NORTH,4,Government Aided,1,PS (I-V) ,4,Graduate,7,Diploma/degree in special education,0,0,0,0,0,1,0,0,0,0,0,0,0,0,0,0,0,0,1,0,1
2018-19,29,Karnataka,2928,BENGALURU U NORTH,4,Government Aided,2,UPS (I-VIII) ,5,Post graduate,1,Diploma or certificate in basic teachers training of a duration not less than two years,0,0,0,0,1,2,1,1,2,6,0,2,0,1,0,0,0,0,16,4,12
2018-19,29,Karnataka,2928,BENGALURU U NORTH,4,Government Aided,7,SS (VI-X),5,Post graduate,3,B.Ed. or equivalent,8,18,0,0,0,1,0,0,4,2,0,0,42,44,4,4,0,0,127,58,69
2018-19,29,Karnataka,2928,BENGALURU U NORTH,4,Government Aided,6, SS (I-X) ,4,Graduate,6,None,0,0,0,0,1,4,0,0,0,0,0,0,0,0,0,0,0,0,5,1,4
2018-19,29,Karnataka,2928,BENGALURU U NORTH,4,Government Aided,8,SS (IX-X),5,Post graduate,3,B.Ed. or equivalent,1,1,0,0,0,0,0,0,0,0,0,0,0,0,0,0,0,0,2,1,1
2018-19,29,Karnataka,2928,BENGALURU U NORTH,4,Government Aided,7,SS (VI-X),4,Graduate,7,Diploma/degree in special education,1,0,0,0,0,0,0,0,0,0,0,0,0,1,0,1,0,0,3,1,2
2018-19,29,Karnataka,2928,BENGALURU U NORTH,4,Government Aided,2,UPS (I-VIII) ,4,Graduate,6,None,0,0,0,0,2,4,0,0,0,2,0,0,0,0,0,0,0,0,8,2,6
2018-19,29,Karnataka,2928,BENGALURU U NORTH,4,Government Aided,8,SS (IX-X),5,Post graduate,2,Bachelor of Elementary Education (B.El.Ed.),1,0,0,0,0,0,0,0,0,0,0,0,0,7,0,0,0,0,8,1,7
2018-19,29,Karnataka,2928,BENGALURU U NORTH,4,Government Aided,7,SS (VI-X),5,Post graduate,2,Bachelor of Elementary Education (B.El.Ed.),18,18,0,0,1,0,0,0,3,0,0,0,47,45,0,1,0,0,133,69,64
2018-19,29,Karnataka,2928,BENGALURU U NORTH,4,Government Aided,7,SS (VI-X),4,Graduate,6,None,0,0,0,0,0,0,0,0,0,0,0,0,14,6,0,0,0,0,20,14,6
2018-19,29,Karnataka,2928,BENGALURU U NORTH,4,Government Aided,7,SS (VI-X),5,Post graduate,1,Diploma or certificate in basic teachers training of a duration not less than two years,0,0,0,0,0,1,0,0,2,0,0,0,11,10,0,0,0,0,24,13,11
2018-19,29,Karnataka,2928,BENGALURU U NORTH,4,Government Aided,5, HSS (VI-XII),5,Post graduate,2,Bachelor of Elementary Education (B.El.Ed.),0,0,0,0,0,0,0,0,0,0,0,0,0,5,0,0,0,0,5,0,5
2018-19,29,Karnataka,2928,BENGALURU U NORTH,4,Government Aided,11,HSS (XI-XII),4,Graduate,6,None,0,0,0,0,0,0,0,0,0,0,0,0,0,0,0,0,9,4,13,9,4
2018-19,29,Karnataka,2928,BENGALURU U NORTH,4,Government Aided,7,SS (VI-X),4,Graduate,5,Others,1,0,0,0,0,0,0,0,0,0,0,0,18,11,0,0,0,0,30,19,11
2018-19,29,Karnataka,2928,BENGALURU U NORTH,5,Private Unaided (Recognized),3,HSS (I-XII),2,Secondary,1,Diploma or certificate in basic teachers training of a duration not less than two years,0,0,0,0,0,1,1,0,0,0,0,0,0,0,0,0,0,0,2,1,1
2018-19,29,Karnataka,2928,BENGALURU U NORTH,5,Private Unaided (Recognized),6, SS (I-X) ,2,Secondary,1,Diploma or certificate in basic teachers training of a duration not less than two years,0,0,0,0,0,15,1,8,3,13,1,5,0,5,0,0,0,2,53,5,48
2018-19,29,Karnataka,2928,BENGALURU U NORTH,5,Private Unaided (Recognized),1,PS (I-V) ,2,Secondary,1,Diploma or certificate in basic teachers training of a duration not less than two years,0,0,0,0,1,2,0,0,0,0,0,0,0,1,0,0,0,0,4,1,3
2018-19,29,Karnataka,2928,BENGALURU U NORTH,5,Private Unaided (Recognized),2,UPS (I-VIII) ,2,Secondary,3,B.Ed. or equivalent,0,0,0,0,1,6,0,0,0,0,0,0,0,0,0,0,0,0,7,1,6
2018-19,29,Karnataka,2928,BENGALURU U NORTH,5,Private Unaided (Recognized),2,UPS (I-VIII) ,2,Secondary,4,M.Ed. or equivalent,0,0,0,0,0,2,0,0,0,0,0,0,0,0,0,0,0,0,2,0,2
2018-19,29,Karnataka,2928,BENGALURU U NORTH,5,Private Unaided (Recognized),2,UPS (I-VIII) ,2,Secondary,1,Diploma or certificate in basic teachers training of a duration not less than two years,0,0,0,0,2,11,0,0,0,4,0,2,0,1,1,0,0,0,21,3,18
2018-19,29,Karnataka,2928,BENGALURU U NORTH,5,Private Unaided (Recognized),2,UPS (I-VIII) ,2,Secondary,2,Bachelor of Elementary Education (B.El.Ed.),0,0,0,0,0,7,0,0,0,2,0,0,0,1,0,0,0,0,10,0,10
2018-19,29,Karnataka,2928,BENGALURU U NORTH,5,Private Unaided (Recognized),6, SS (I-X) ,2,Secondary,4,M.Ed. or equivalent,0,0,0,0,1,1,0,0,0,0,0,0,0,0,0,0,0,0,2,1,1
2018-19,29,Karnataka,2928,BENGALURU U NORTH,5,Private Unaided (Recognized),6, SS (I-X) ,2,Secondary,3,B.Ed. or equivalent,0,0,0,0,0,3,0,1,0,4,0,0,1,3,0,1,0,0,13,1,12
2018-19,29,Karnataka,2928,BENGALURU U NORTH,5,Private Unaided (Recognized),6, SS (I-X) ,2,Secondary,2,Bachelor of Elementary Education (B.El.Ed.),0,1,0,0,1,5,0,1,3,11,0,0,1,1,0,1,0,2,27,5,22
2018-19,29,Karnataka,2928,BENGALURU U NORTH,1,Department of Education,5, HSS (VI-XII),5,Post graduate,2,Bachelor of Elementary Education (B.El.Ed.),0,0,0,0,0,0,0,0,0,0,0,0,1,14,0,0,0,0,15,1,14
2018-19,29,Karnataka,2928,BENGALURU U NORTH,1,Department of Education,1,PS (I-V) ,5,Post graduate,3,B.Ed. or equivalent,0,0,0,0,2,2,0,0,0,0,0,0,0,2,0,0,0,0,6,2,4
2018-19,29,Karnataka,2928,BENGALURU U NORTH,1,Department of Education,11,HSS (XI-XII),5,Post graduate,3,B.Ed. or equivalent,0,0,0,0,0,0,0,0,0,0,0,0,0,0,0,0,5,3,8,5,3
2018-19,29,Karnataka,2928,BENGALURU U NORTH,1,Department of Education,7,SS (VI-X),5,Post graduate,3,B.Ed. or equivalent,5,36,0,0,0,0,0,0,1,2,0,0,29,50,0,1,0,0,124,35,89
2018-19,29,Karnataka,2928,BENGALURU U NORTH,1,Department of Education,7,SS (VI-X),5,Post graduate,2,Bachelor of Elementary Education (B.El.Ed.),8,22,0,0,0,0,0,0,2,3,0,0,8,26,0,1,0,0,70,18,52
2018-19,29,Karnataka,2928,BENGALURU U NORTH,1,Department of Education,1,PS (I-V) ,5,Post graduate,4,M.Ed. or equivalent,0,0,0,0,0,1,0,0,0,0,0,0,0,0,0,0,0,0,1,0,1
2018-19,29,Karnataka,2928,BENGALURU U NORTH,1,Department of Education,2,UPS (I-VIII) ,5,Post graduate,3,B.Ed. or equivalent,0,0,0,0,2,6,0,3,4,7,1,1,0,2,4,3,0,1,34,11,23
2018-19,29,Karnataka,2928,BENGALURU U NORTH,1,Department of Education,11,HSS (XI-XII),5,Post graduate,1,Diploma or certificate in basic teachers training of a duration not less than two years,0,0,0,0,0,0,0,0,0,0,0,0,0,0,0,0,5,4,9,5,4
2018-19,29,Karnataka,2928,BENGALURU U NORTH,1,Department of Education,11,HSS (XI-XII),5,Post graduate,2,Bachelor of Elementary Education (B.El.Ed.),0,0,0,0,0,0,0,0,0,0,0,0,0,0,0,0,3,2,5,3,2
2018-19,29,Karnataka,2928,BENGALURU U NORTH,1,Department of Education,8,SS (IX-X),5,Post graduate,3,B.Ed. or equivalent,0,2,0,0,0,0,0,0,0,0,0,0,0,15,0,0,0,0,17,0,17
2018-19,29,Karnataka,2928,BENGALURU U NORTH,1,Department of Education,2,UPS (I-VIII) ,5,Post graduate,4,M.Ed. or equivalent,1,0,0,0,0,0,2,0,1,7,0,0,0,0,0,0,0,0,11,4,7
2018-19,29,Karnataka,2928,BENGALURU U NORTH,1,Department of Education,2,UPS (I-VIII) ,5,Post graduate,2,Bachelor of Elementary Education (B.El.Ed.),0,0,0,0,2,2,1,0,2,3,0,4,0,0,2,3,0,2,21,7,14
2018-19,29,Karnataka,2928,BENGALURU U NORTH,1,Department of Education,6, SS (I-X) ,5,Post graduate,3,B.Ed. or equivalent,0,0,0,0,0,0,0,0,0,0,0,0,3,4,0,0,0,0,7,3,4
2018-19,29,Karnataka,2928,BENGALURU U NORTH,1,Department of Education,5, HSS (VI-XII),5,Post graduate,3,B.Ed. or equivalent,0,0,0,0,0,0,0,0,0,0,0,0,5,19,0,0,8,18,50,13,37
2018-19,29,Karnataka,2928,BENGALURU U NORTH,1,Department of Education,6, SS (I-X) ,5,Post graduate,2,Bachelor of Elementary Education (B.El.Ed.),0,0,0,0,0,0,0,0,0,1,0,0,1,0,0,0,0,0,2,1,1
2018-19,29,Karnataka,2928,BENGALURU U NORTH,4,Government Aided,5, HSS (VI-XII),4,Graduate,2,Bachelor of Elementary Education (B.El.Ed.),0,0,0,0,0,0,0,0,0,0,0,0,0,4,0,0,0,0,4,0,4
2018-19,29,Karnataka,2928,BENGALURU U NORTH,4,Government Aided,6, SS (I-X) ,4,Graduate,1,Diploma or certificate in basic teachers training of a duration not less than two years,2,1,0,0,2,0,0,0,1,0,0,0,0,1,0,0,0,0,7,5,2
2018-19,29,Karnataka,2928,BENGALURU U NORTH,4,Government Aided,5, HSS (VI-XII),4,Graduate,1,Diploma or certificate in basic teachers training of a duration not less than two years,0,0,0,0,0,0,0,0,0,0,0,0,0,3,0,0,0,0,3,0,3
2018-19,29,Karnataka,2928,BENGALURU U NORTH,4,Government Aided,8,SS (IX-X),4,Graduate,2,Bachelor of Elementary Education (B.El.Ed.),3,0,0,0,0,0,0,0,0,0,0,0,1,2,0,0,0,0,6,4,2
2018-19,29,Karnataka,2928,BENGALURU U NORTH,4,Government Aided,11,HSS (XI-XII),4,Graduate,2,Bachelor of Elementary Education (B.El.Ed.),0,0,0,0,0,0,0,0,0,0,0,0,0,0,0,0,2,0,2,2,0
2018-19,29,Karnataka,2928,BENGALURU U NORTH,4,Government Aided,7,SS (VI-X),3,Higher secondary,7,Diploma/degree in special education,0,0,0,0,0,0,0,0,0,0,0,0,1,1,0,0,0,0,2,1,1
2018-19,29,Karnataka,2928,BENGALURU U NORTH,4,Government Aided,7,SS (VI-X),4,Graduate,2,Bachelor of Elementary Education (B.El.Ed.),19,7,0,0,1,0,0,0,7,1,0,0,125,99,5,2,0,0,266,157,109
2018-19,29,Karnataka,2928,BENGALURU U NORTH,4,Government Aided,1,PS (I-V) ,3,Higher secondary,7,Diploma/degree in special education,0,0,0,0,0,1,0,0,0,0,0,0,0,0,0,0,0,0,1,0,1
2018-19,29,Karnataka,2928,BENGALURU U NORTH,4,Government Aided,2,UPS (I-VIII) ,4,Graduate,5,Others,0,0,0,0,0,1,0,0,0,1,0,0,0,0,0,0,0,0,2,0,2
2018-19,29,Karnataka,2928,BENGALURU U NORTH,4,Government Aided,7,SS (VI-X),4,Graduate,4,M.Ed. or equivalent,2,1,0,0,0,0,0,0,0,0,0,0,20,7,0,0,0,0,30,22,8
2018-19,29,Karnataka,2928,BENGALURU U NORTH,4,Government Aided,2,UPS (I-VIII) ,4,Graduate,1,Diploma or certificate in basic teachers training of a duration not less than two years,0,0,0,0,11,27,0,1,9,64,2,3,0,0,0,0,0,0,117,22,95
2018-19,29,Karnataka,2928,BENGALURU U NORTH,4,Government Aided,1,PS (I-V) ,4,Graduate,1,Diploma or certificate in basic teachers training of a duration not less than two years,0,0,0,0,1,0,0,0,0,0,0,0,1,0,0,0,0,0,2,2,0
2018-19,29,Karnataka,2928,BENGALURU U NORTH,4,Government Aided,6, SS (I-X) ,4,Graduate,2,Bachelor of Elementary Education (B.El.Ed.),1,0,0,0,0,0,0,1,1,1,1,0,2,2,1,0,0,0,10,6,4
2018-19,29,Karnataka,2928,BENGALURU U NORTH,4,Government Aided,7,SS (VI-X),4,Graduate,3,B.Ed. or equivalent,21,3,0,0,2,0,0,0,5,2,0,0,85,68,5,3,0,0,194,118,76
2018-19,29,Karnataka,2928,BENGALURU U NORTH,4,Government Aided,2,UPS (I-VIII) ,3,Higher secondary,7,Diploma/degree in special education,0,0,0,0,0,3,0,0,1,15,0,0,0,0,0,0,0,0,19,1,18
2018-19,29,Karnataka,2928,BENGALURU U NORTH,4,Government Aided,2,UPS (I-VIII) ,4,Graduate,2,Bachelor of Elementary Education (B.El.Ed.),0,0,0,0,1,3,1,0,7,3,0,0,0,0,0,0,0,0,15,9,6
2018-19,29,Karnataka,2928,BENGALURU U NORTH,4,Government Aided,2,UPS (I-VIII) ,4,Graduate,4,M.Ed. or equivalent,0,0,0,0,1,0,1,0,1,1,0,0,0,0,0,0,0,0,4,3,1
2018-19,29,Karnataka,2928,BENGALURU U NORTH,4,Government Aided,7,SS (VI-X),4,Graduate,1,Diploma or certificate in basic teachers training of a duration not less than two years,1,2,0,0,3,2,0,0,1,4,0,0,44,83,1,0,0,0,141,50,91
2018-19,29,Karnataka,2928,BENGALURU U NORTH,4,Government Aided,2,UPS (I-VIII) ,4,Graduate,3,B.Ed. or equivalent,0,0,0,0,2,4,0,2,2,8,1,0,0,5,0,0,1,1,26,6,20
2018-19,29,Karnataka,2928,BENGALURU U NORTH,4,Government Aided,2,UPS (I-VIII) ,3,Higher secondary,6,None,0,0,0,0,0,3,0,0,5,6,0,0,0,0,0,0,0,1,15,5,10
2018-19,29,Karnataka,2928,BENGALURU U NORTH,4,Government Aided,7,SS (VI-X),3,Higher secondary,6,None,0,0,0,0,0,0,0,0,0,0,0,0,4,4,0,0,0,0,8,4,4
2018-19,29,Karnataka,2928,BENGALURU U NORTH,4,Government Aided,2,UPS (I-VIII) ,2,Secondary,1,Diploma or certificate in basic teachers training of a duration not less than two years,0,0,0,0,1,10,0,1,0,9,1,4,0,0,0,0,0,0,26,2,24
2018-19,29,Karnataka,2928,BENGALURU U NORTH,4,Government Aided,7,SS (VI-X),3,Higher secondary,5,Others,2,1,0,0,0,0,0,0,0,0,0,0,11,1,1,0,0,0,16,14,2
2018-19,29,Karnataka,2928,BENGALURU U NORTH,4,Government Aided,7,SS (VI-X),2,Secondary,2,Bachelor of Elementary Education (B.El.Ed.),0,0,0,0,0,0,0,0,0,0,0,0,3,2,0,0,0,0,5,3,2
2018-19,29,Karnataka,2928,BENGALURU U NORTH,4,Government Aided,2,UPS (I-VIII) ,3,Higher secondary,5,Others,0,0,0,0,1,5,1,0,2,5,0,0,1,0,0,0,0,0,15,5,10
2018-19,29,Karnataka,2928,BENGALURU U NORTH,4,Government Aided,2,UPS (I-VIII) ,2,Secondary,3,B.Ed. or equivalent,0,0,0,0,0,0,0,0,1,0,0,0,0,0,0,0,0,0,1,1,0
2018-19,29,Karnataka,2928,BENGALURU U NORTH,4,Government Aided,7,SS (VI-X),3,Higher secondary,4,M.Ed. or equivalent,0,0,0,0,0,0,0,0,1,0,0,0,0,0,0,0,0,0,1,1,0
2018-19,29,Karnataka,2928,BENGALURU U NORTH,4,Government Aided,2,UPS (I-VIII) ,3,Higher secondary,4,M.Ed. or equivalent,0,0,0,0,3,2,0,0,0,0,0,0,0,0,0,0,0,0,5,3,2
2018-19,29,Karnataka,2928,BENGALURU U NORTH,4,Government Aided,7,SS (VI-X),3,Higher secondary,3,B.Ed. or equivalent,0,0,0,0,0,0,0,0,0,0,0,0,5,2,0,0,0,0,7,5,2
2018-19,29,Karnataka,2928,BENGALURU U NORTH,4,Government Aided,6, SS (I-X) ,2,Secondary,3,B.Ed. or equivalent,0,0,0,0,0,1,0,0,0,0,0,0,0,0,0,0,0,0,1,0,1
2018-19,29,Karnataka,2928,BENGALURU U NORTH,4,Government Aided,6, SS (I-X) ,3,Higher secondary,3,B.Ed. or equivalent,0,0,0,0,0,0,1,0,0,0,0,0,0,0,0,0,0,0,1,1,0
2018-19,29,Karnataka,2928,BENGALURU U NORTH,4,Government Aided,7,SS (VI-X),2,Secondary,3,B.Ed. or equivalent,0,0,0,0,0,0,0,0,0,0,0,0,1,0,0,0,0,0,1,1,0
2018-19,29,Karnataka,2928,BENGALURU U NORTH,4,Government Aided,2,UPS (I-VIII) ,3,Higher secondary,3,B.Ed. or equivalent,0,0,0,0,0,1,0,0,1,2,0,0,0,0,0,0,0,0,4,1,3
2018-19,29,Karnataka,2928,BENGALURU U NORTH,4,Government Aided,2,UPS (I-VIII) ,2,Secondary,5,Others,0,0,0,0,0,1,0,0,0,0,0,2,0,0,0,0,0,0,3,0,3
2018-19,29,Karnataka,2928,BENGALURU U NORTH,4,Government Aided,7,SS (VI-X),3,Higher secondary,2,Bachelor of Elementary Education (B.El.Ed.),0,0,0,0,0,0,0,0,0,0,0,0,15,6,0,0,0,0,21,15,6
2018-19,29,Karnataka,2928,BENGALURU U NORTH,4,Government Aided,6, SS (I-X) ,3,Higher secondary,2,Bachelor of Elementary Education (B.El.Ed.),1,0,0,0,0,0,2,1,0,0,0,0,0,0,0,0,0,0,4,3,1
2018-19,29,Karnataka,2928,BENGALURU U NORTH,4,Government Aided,2,UPS (I-VIII) ,3,Higher secondary,2,Bachelor of Elementary Education (B.El.Ed.),0,0,0,0,11,31,2,0,13,26,0,0,0,2,0,0,0,0,85,26,59
2018-19,29,Karnataka,2928,BENGALURU U NORTH,4,Government Aided,1,PS (I-V) ,3,Higher secondary,2,Bachelor of Elementary Education (B.El.Ed.),0,0,0,0,0,2,0,0,0,0,0,0,0,0,0,0,0,0,2,0,2
2018-19,29,Karnataka,2928,BENGALURU U NORTH,4,Government Aided,8,SS (IX-X),3,Higher secondary,1,Diploma or certificate in basic teachers training of a duration not less than two years,0,0,0,0,0,0,0,0,1,1,0,0,0,0,0,0,0,0,2,1,1
2018-19,29,Karnataka,2928,BENGALURU U NORTH,4,Government Aided,7,SS (VI-X),3,Higher secondary,1,Diploma or certificate in basic teachers training of a duration not less than two years,1,1,0,0,0,0,0,0,2,2,0,0,3,3,2,0,0,0,14,8,6
2018-19,29,Karnataka,2928,BENGALURU U NORTH,4,Government Aided,6, SS (I-X) ,3,Higher secondary,1,Diploma or certificate in basic teachers training of a duration not less than two years,0,1,0,0,1,1,1,3,1,2,0,1,0,1,0,0,0,0,12,3,9
2018-19,29,Karnataka,2928,BENGALURU U NORTH,4,Government Aided,2,UPS (I-VIII) ,3,Higher secondary,1,Diploma or certificate in basic teachers training of a duration not less than two years,0,0,0,0,47,115,15,26,76,159,3,15,2,6,0,0,1,7,472,144,328
2018-19,29,Karnataka,2928,BENGALURU U NORTH,4,Government Aided,1,PS (I-V) ,3,Higher secondary,1,Diploma or certificate in basic teachers training of a duration not less than two years,0,0,0,0,6,10,1,0,1,1,0,0,0,0,0,0,0,0,19,8,11
2018-19,29,Karnataka,2928,BENGALURU U NORTH,2,Tribal Welfare Department,7,SS (VI-X),7,Ph.D,2,Bachelor of Elementary Education (B.El.Ed.),0,0,0,0,0,0,0,0,0,0,0,0,1,0,0,0,0,0,1,1,0
2018-19,29,Karnataka,2928,BENGALURU U NORTH,2,Tribal Welfare Department,7,SS (VI-X),4,Graduate,2,Bachelor of Elementary Education (B.El.Ed.),0,0,0,0,0,0,0,0,0,1,0,0,0,3,0,0,0,0,4,0,4
2018-19,29,Karnataka,2928,BENGALURU U NORTH,2,Tribal Welfare Department,7,SS (VI-X),4,Graduate,6,None,0,0,0,0,0,0,0,0,2,2,0,0,0,1,0,0,0,0,5,2,3
2018-19,29,Karnataka,2928,BENGALURU U NORTH,5,Private Unaided (Recognized),11,HSS (XI-XII),4,Graduate,1,Diploma or certificate in basic teachers training of a duration not less than two years,0,0,0,0,0,1,0,0,0,2,0,0,0,1,0,0,7,17,28,7,21
2018-19,29,Karnataka,2928,BENGALURU U NORTH,5,Private Unaided (Recognized),1,PS (I-V) ,4,Graduate,3,B.Ed. or equivalent,0,0,0,0,5,61,0,0,0,5,0,0,0,2,0,0,0,0,73,5,68
2018-19,29,Karnataka,2928,BENGALURU U NORTH,5,Private Unaided (Recognized),2,UPS (I-VIII) ,4,Graduate,3,B.Ed. or equivalent,0,0,0,0,9,147,4,18,11,124,2,14,3,11,0,0,0,14,357,29,328
2018-19,29,Karnataka,2928,BENGALURU U NORTH,5,Private Unaided (Recognized),7,SS (VI-X),4,Graduate,2,Bachelor of Elementary Education (B.El.Ed.),1,1,0,0,0,1,0,0,2,2,0,0,21,39,0,1,0,0,68,24,44
2018-19,29,Karnataka,2928,BENGALURU U NORTH,5,Private Unaided (Recognized),4,UPS (VI-VIII) ,4,Graduate,3,B.Ed. or equivalent,0,0,0,0,0,4,0,0,0,4,0,0,0,0,0,0,0,0,8,0,8
2018-19,29,Karnataka,2928,BENGALURU U NORTH,5,Private Unaided (Recognized),6, SS (I-X) ,4,Graduate,1,Diploma or certificate in basic teachers training of a duration not less than two years,14,27,0,3,86,652,25,139,73,507,6,21,62,489,3,15,0,25,2147,269,1878
2018-19,29,Karnataka,2928,BENGALURU U NORTH,5,Private Unaided (Recognized),1,PS (I-V) ,4,Graduate,2,Bachelor of Elementary Education (B.El.Ed.),0,0,0,0,1,11,0,0,0,2,0,0,0,0,0,0,0,0,14,1,13
2018-19,29,Karnataka,2928,BENGALURU U NORTH,5,Private Unaided (Recognized),5, HSS (VI-XII),4,Graduate,2,Bachelor of Elementary Education (B.El.Ed.),0,0,0,0,0,0,0,0,0,1,0,0,5,13,0,0,0,0,19,5,14
2018-19,29,Karnataka,2928,BENGALURU U NORTH,5,Private Unaided (Recognized),3,HSS (I-XII),4,Graduate,2,Bachelor of Elementary Education (B.El.Ed.),1,2,0,0,4,24,0,0,1,11,0,0,2,15,0,1,0,4,65,8,57
2018-19,29,Karnataka,2928,BENGALURU U NORTH,5,Private Unaided (Recognized),6, SS (I-X) ,4,Graduate,2,Bachelor of Elementary Education (B.El.Ed.),30,71,0,4,68,277,8,69,54,273,8,37,54,266,6,19,1,15,1260,229,1031
2018-19,29,Karnataka,2928,BENGALURU U NORTH,5,Private Unaided (Recognized),8,SS (IX-X),4,Graduate,1,Diploma or certificate in basic teachers training of a duration not less than two years,1,0,0,0,0,0,0,0,0,1,0,0,6,12,0,0,0,0,20,7,13
2018-19,29,Karnataka,2928,BENGALURU U NORTH,5,Private Unaided (Recognized),3,HSS (I-XII),4,Graduate,1,Diploma or certificate in basic teachers training of a duration not less than two years,0,0,0,0,7,22,0,1,6,38,0,0,4,24,0,0,0,2,104,17,87
2018-19,29,Karnataka,2928,BENGALURU U NORTH,5,Private Unaided (Recognized),2,UPS (I-VIII) ,4,Graduate,2,Bachelor of Elementary Education (B.El.Ed.),0,0,0,0,6,57,2,7,11,78,3,11,0,13,0,1,0,3,192,22,170
2018-19,29,Karnataka,2928,BENGALURU U NORTH,5,Private Unaided (Recognized),7,SS (VI-X),4,Graduate,1,Diploma or certificate in basic teachers training of a duration not less than two years,1,1,0,0,1,4,0,0,2,3,0,0,17,34,1,0,0,0,64,22,42
2018-19,29,Karnataka,2928,BENGALURU U NORTH,5,Private Unaided (Recognized),8,SS (IX-X),4,Graduate,2,Bachelor of Elementary Education (B.El.Ed.),0,0,0,0,0,3,0,0,1,3,0,0,9,21,0,0,0,0,37,10,27
2018-19,29,Karnataka,2928,BENGALURU U NORTH,5,Private Unaided (Recognized),3,HSS (I-XII),4,Graduate,3,B.Ed. or equivalent,1,13,0,0,2,5,0,2,2,12,0,3,2,19,1,3,0,0,65,8,57
2018-19,29,Karnataka,2928,BENGALURU U NORTH,5,Private Unaided (Recognized),11,HSS (XI-XII),4,Graduate,2,Bachelor of Elementary Education (B.El.Ed.),0,0,0,0,0,0,0,0,0,0,0,0,0,0,0,0,15,14,29,15,14
2018-19,29,Karnataka,2928,BENGALURU U NORTH,5,Private Unaided (Recognized),6, SS (I-X) ,6,M.Phil,1,Diploma or certificate in basic teachers training of a duration not less than two years,0,0,0,0,2,5,0,0,3,2,0,0,0,2,0,0,0,0,14,5,9
2018-19,29,Karnataka,2928,BENGALURU U NORTH,5,Private Unaided (Recognized),7,SS (VI-X),6,M.Phil,3,B.Ed. or equivalent,0,0,0,0,0,0,0,0,0,0,0,0,0,2,0,0,0,0,2,0,2
2018-19,29,Karnataka,2928,BENGALURU U NORTH,5,Private Unaided (Recognized),7,SS (VI-X),6,M.Phil,1,Diploma or certificate in basic teachers training of a duration not less than two years,0,1,0,0,0,0,0,0,0,0,0,0,0,0,0,0,0,0,1,0,1
2018-19,29,Karnataka,2928,BENGALURU U NORTH,5,Private Unaided (Recognized),11,HSS (XI-XII),5,Post graduate,7,Diploma/degree in special education,0,0,0,0,0,0,0,0,0,0,0,0,0,0,0,0,4,2,6,4,2
2018-19,29,Karnataka,2928,BENGALURU U NORTH,5,Private Unaided (Recognized),2,UPS (I-VIII) ,6,M.Phil,2,Bachelor of Elementary Education (B.El.Ed.),0,0,0,0,0,0,0,0,0,0,0,2,0,0,0,0,0,0,2,0,2
2018-19,29,Karnataka,2928,BENGALURU U NORTH,5,Private Unaided (Recognized),7,SS (VI-X),5,Post graduate,7,Diploma/degree in special education,0,1,0,0,0,0,0,0,1,0,0,0,0,0,0,1,0,0,3,1,2
2018-19,29,Karnataka,2928,BENGALURU U NORTH,5,Private Unaided (Recognized),6, SS (I-X) ,6,M.Phil,3,B.Ed. or equivalent,0,1,0,0,0,2,0,0,1,2,0,0,0,2,0,1,0,1,10,1,9
2018-19,29,Karnataka,2928,BENGALURU U NORTH,5,Private Unaided (Recognized),3,HSS (I-XII),6,M.Phil,2,Bachelor of Elementary Education (B.El.Ed.),0,0,0,0,0,0,0,0,0,1,0,0,0,0,0,0,0,0,1,0,1
2018-19,29,Karnataka,2928,BENGALURU U NORTH,5,Private Unaided (Recognized),11,HSS (XI-XII),6,M.Phil,3,B.Ed. or equivalent,0,0,1,1,0,0,0,0,0,0,0,0,0,0,0,0,9,14,25,10,15
2018-19,29,Karnataka,2928,BENGALURU U NORTH,5,Private Unaided (Recognized),11,HSS (XI-XII),6,M.Phil,2,Bachelor of Elementary Education (B.El.Ed.),0,0,0,0,0,0,0,0,0,0,0,0,0,0,0,0,1,1,2,1,1
2018-19,29,Karnataka,2928,BENGALURU U NORTH,5,Private Unaided (Recognized),8,SS (IX-X),5,Post graduate,7,Diploma/degree in special education,0,0,0,0,0,0,0,0,0,0,0,0,0,4,0,0,0,0,4,0,4
2018-19,29,Karnataka,2928,BENGALURU U NORTH,5,Private Unaided (Recognized),6, SS (I-X) ,5,Post graduate,7,Diploma/degree in special education,1,2,0,0,0,9,1,5,5,6,2,3,0,2,0,0,1,0,37,10,27
2018-19,29,Karnataka,2928,BENGALURU U NORTH,5,Private Unaided (Recognized),2,UPS (I-VIII) ,5,Post graduate,7,Diploma/degree in special education,0,0,0,0,0,1,0,0,0,3,0,1,0,0,0,0,0,0,5,0,5
2018-19,29,Karnataka,2928,BENGALURU U NORTH,5,Private Unaided (Recognized),11,HSS (XI-XII),6,M.Phil,1,Diploma or certificate in basic teachers training of a duration not less than two years,0,0,0,0,0,0,0,0,0,0,0,0,0,0,0,0,1,0,1,1,0
2018-19,29,Karnataka,2928,BENGALURU U NORTH,5,Private Unaided (Recognized),6, SS (I-X) ,6,M.Phil,2,Bachelor of Elementary Education (B.El.Ed.),0,2,0,0,0,2,1,0,0,2,0,0,0,1,0,0,0,0,8,1,7
2018-19,29,Karnataka,2928,BENGALURU U NORTH,5,Private Unaided (Recognized),2,UPS (I-VIII) ,6,M.Phil,3,B.Ed. or equivalent,0,0,0,0,0,0,0,0,0,2,0,1,0,0,0,0,0,0,3,0,3
2018-19,29,Karnataka,2928,BENGALURU U NORTH,5,Private Unaided (Recognized),1,PS (I-V) ,5,Post graduate,7,Diploma/degree in special education,0,0,0,0,0,0,0,1,0,0,0,0,0,0,0,0,0,0,1,0,1
2018-19,29,Karnataka,2928,BENGALURU U NORTH,5,Private Unaided (Recognized),7,SS (VI-X),6,M.Phil,2,Bachelor of Elementary Education (B.El.Ed.),0,0,0,0,0,0,0,0,0,0,0,0,0,2,0,0,0,0,2,0,2
2018-19,29,Karnataka,2928,BENGALURU U NORTH,5,Private Unaided (Recognized),5, HSS (VI-XII),6,M.Phil,2,Bachelor of Elementary Education (B.El.Ed.),0,0,0,0,0,0,0,0,0,0,0,0,1,0,0,0,0,0,1,1,0
2018-19,29,Karnataka,2928,BENGALURU U NORTH,5,Private Unaided (Recognized),3,HSS (I-XII),6,M.Phil,4,M.Ed. or equivalent,0,2,0,0,0,0,0,0,0,0,0,0,0,1,0,0,0,0,3,0,3
2018-19,29,Karnataka,2928,BENGALURU U NORTH,5,Private Unaided (Recognized),3,HSS (I-XII),6,M.Phil,1,Diploma or certificate in basic teachers training of a duration not less than two years,0,0,0,0,1,0,0,0,0,0,0,0,0,0,0,0,0,0,1,1,0
2018-19,29,Karnataka,2928,BENGALURU U NORTH,5,Private Unaided (Recognized),3,HSS (I-XII),6,M.Phil,3,B.Ed. or equivalent,0,5,0,0,0,0,0,0,0,0,0,0,0,5,0,0,0,0,10,0,10
2018-19,29,Karnataka,2928,BENGALURU U NORTH,5,Private Unaided (Recognized),8,SS (IX-X),6,M.Phil,3,B.Ed. or equivalent,0,0,0,0,0,0,0,0,0,1,0,0,0,0,0,0,0,0,1,0,1
2018-19,29,Karnataka,2928,BENGALURU U NORTH,5,Private Unaided (Recognized),11,HSS (XI-XII),5,Post graduate,6,None,0,0,4,8,0,0,0,0,5,4,0,0,1,1,0,0,174,348,545,184,361
2018-19,29,Karnataka,2928,BENGALURU U NORTH,5,Private Unaided (Recognized),6, SS (I-X) ,3,Higher secondary,2,Bachelor of Elementary Education (B.El.Ed.),3,5,0,0,38,151,10,24,29,124,0,1,7,14,0,1,0,5,412,87,325
2018-19,29,Karnataka,2928,BENGALURU U NORTH,5,Private Unaided (Recognized),2,UPS (I-VIII) ,3,Higher secondary,2,Bachelor of Elementary Education (B.El.Ed.),0,0,0,1,4,43,0,2,2,39,0,0,0,3,0,0,0,0,94,6,88
2018-19,29,Karnataka,2928,BENGALURU U NORTH,5,Private Unaided (Recognized),1,PS (I-V) ,3,Higher secondary,5,Others,0,0,0,0,0,19,0,0,0,1,0,0,0,0,0,0,0,0,20,0,20
2018-19,29,Karnataka,2928,BENGALURU U NORTH,5,Private Unaided (Recognized),2,UPS (I-VIII) ,3,Higher secondary,5,Others,0,0,0,0,3,41,0,2,4,29,0,2,0,3,0,0,0,0,84,7,77
2018-19,29,Karnataka,2928,BENGALURU U NORTH,5,Private Unaided (Recognized),7,SS (VI-X),3,Higher secondary,2,Bachelor of Elementary Education (B.El.Ed.),0,0,0,0,0,0,0,0,0,0,0,0,6,2,0,0,0,0,8,6,2
2018-19,29,Karnataka,2928,BENGALURU U NORTH,5,Private Unaided (Recognized),6, SS (I-X) ,3,Higher secondary,3,B.Ed. or equivalent,0,5,0,1,11,43,5,12,6,50,1,0,3,19,0,1,1,2,160,27,133
2018-19,29,Karnataka,2928,BENGALURU U NORTH,5,Private Unaided (Recognized),11,HSS (XI-XII),3,Higher secondary,4,M.Ed. or equivalent,0,0,0,0,0,0,0,0,0,0,0,0,0,0,0,0,1,2,3,1,2
2018-19,29,Karnataka,2928,BENGALURU U NORTH,5,Private Unaided (Recognized),4,UPS (VI-VIII) ,3,Higher secondary,3,B.Ed. or equivalent,0,0,0,0,0,0,0,0,0,1,0,0,0,0,0,0,0,0,1,0,1
2018-19,29,Karnataka,2928,BENGALURU U NORTH,5,Private Unaided (Recognized),2,UPS (I-VIII) ,3,Higher secondary,3,B.Ed. or equivalent,0,0,0,0,1,22,0,2,3,15,0,0,0,0,0,0,0,1,44,4,40
2018-19,29,Karnataka,2928,BENGALURU U NORTH,5,Private Unaided (Recognized),3,HSS (I-XII),3,Higher secondary,2,Bachelor of Elementary Education (B.El.Ed.),0,0,0,0,5,8,0,0,1,9,0,0,0,3,0,0,0,0,26,6,20
2018-19,29,Karnataka,2928,BENGALURU U NORTH,5,Private Unaided (Recognized),6, SS (I-X) ,3,Higher secondary,4,M.Ed. or equivalent,0,0,0,0,2,26,2,7,9,9,0,0,0,1,0,0,0,1,57,13,44
2018-19,29,Karnataka,2928,BENGALURU U NORTH,5,Private Unaided (Recognized),1,PS (I-V) ,3,Higher secondary,2,Bachelor of Elementary Education (B.El.Ed.),0,0,0,0,0,8,0,0,0,0,0,0,0,0,0,0,0,0,8,0,8
2018-19,29,Karnataka,2928,BENGALURU U NORTH,5,Private Unaided (Recognized),7,SS (VI-X),3,Higher secondary,3,B.Ed. or equivalent,0,0,0,0,1,0,0,0,0,0,0,0,1,4,0,0,0,0,6,2,4
2018-19,29,Karnataka,2928,BENGALURU U NORTH,5,Private Unaided (Recognized),6, SS (I-X) ,3,Higher secondary,5,Others,3,1,0,0,3,81,0,5,6,54,0,3,5,10,0,2,0,2,175,17,158
2018-19,29,Karnataka,2928,BENGALURU U NORTH,5,Private Unaided (Recognized),1,PS (I-V) ,3,Higher secondary,4,M.Ed. or equivalent,0,0,0,0,2,1,0,0,0,0,0,0,0,0,0,0,0,0,3,2,1
2018-19,29,Karnataka,2928,BENGALURU U NORTH,5,Private Unaided (Recognized),7,SS (VI-X),3,Higher secondary,4,M.Ed. or equivalent,0,0,0,0,0,0,0,0,0,0,0,0,0,1,0,0,0,0,1,0,1
2018-19,29,Karnataka,2928,BENGALURU U NORTH,5,Private Unaided (Recognized),5, HSS (VI-XII),3,Higher secondary,5,Others,1,0,0,0,0,0,0,0,0,0,0,0,0,0,0,0,0,0,1,1,0
2018-19,29,Karnataka,2928,BENGALURU U NORTH,5,Private Unaided (Recognized),3,HSS (I-XII),3,Higher secondary,5,Others,0,0,0,0,0,2,0,0,0,1,0,1,0,2,0,0,0,0,6,0,6
2018-19,29,Karnataka,2928,BENGALURU U NORTH,5,Private Unaided (Recognized),2,UPS (I-VIII) ,3,Higher secondary,4,M.Ed. or equivalent,0,0,0,0,1,15,0,0,0,4,0,0,0,0,0,0,0,0,20,1,19
2018-19,29,Karnataka,2928,BENGALURU U NORTH,5,Private Unaided (Recognized),3,HSS (I-XII),3,Higher secondary,3,B.Ed. or equivalent,0,0,0,0,0,7,0,0,0,1,0,0,0,0,0,0,0,0,8,0,8
2018-19,29,Karnataka,2928,BENGALURU U NORTH,1,Department of Education,11,HSS (XI-XII),2,Secondary,6,None,0,0,0,0,0,0,0,0,0,0,0,0,0,0,0,0,0,1,1,0,1
2018-19,29,Karnataka,2928,BENGALURU U NORTH,1,Department of Education,7,SS (VI-X),3,Higher secondary,1,Diploma or certificate in basic teachers training of a duration not less than two years,2,2,0,0,0,0,0,0,0,0,0,0,1,2,0,0,0,0,7,3,4
2018-19,29,Karnataka,2928,BENGALURU U NORTH,1,Department of Education,5, HSS (VI-XII),3,Higher secondary,2,Bachelor of Elementary Education (B.El.Ed.),0,0,0,0,0,0,0,0,0,0,0,0,0,1,0,0,0,0,1,0,1
2018-19,29,Karnataka,2928,BENGALURU U NORTH,1,Department of Education,4,UPS (VI-VIII) ,3,Higher secondary,1,Diploma or certificate in basic teachers training of a duration not less than two years,0,0,0,0,0,1,0,0,0,2,0,0,0,0,0,0,0,0,3,0,3
2018-19,29,Karnataka,2928,BENGALURU U NORTH,1,Department of Education,1,PS (I-V) ,3,Higher secondary,2,Bachelor of Elementary Education (B.El.Ed.),0,0,0,0,0,7,0,0,0,0,0,0,0,0,0,0,0,0,7,0,7
2018-19,29,Karnataka,2928,BENGALURU U NORTH,1,Department of Education,1,PS (I-V) ,3,Higher secondary,1,Diploma or certificate in basic teachers training of a duration not less than two years,0,0,0,0,88,272,1,6,2,12,0,0,7,12,0,0,0,0,400,98,302
2018-19,29,Karnataka,2928,BENGALURU U NORTH,1,Department of Education,1,PS (I-V) ,3,Higher secondary,3,B.Ed. or equivalent,0,0,0,0,1,8,0,0,0,0,0,0,0,0,0,0,0,0,9,1,8
2018-19,29,Karnataka,2928,BENGALURU U NORTH,1,Department of Education,6, SS (I-X) ,3,Higher secondary,1,Diploma or certificate in basic teachers training of a duration not less than two years,0,0,0,0,2,21,0,2,10,33,0,0,0,0,0,0,0,0,68,12,56
2018-19,29,Karnataka,2928,BENGALURU U NORTH,1,Department of Education,2,UPS (I-VIII) ,3,Higher secondary,2,Bachelor of Elementary Education (B.El.Ed.),0,0,0,0,7,15,0,4,3,23,0,0,0,0,0,0,0,0,52,10,42
2018-19,29,Karnataka,2928,BENGALURU U NORTH,1,Department of Education,2,UPS (I-VIII) ,3,Higher secondary,1,Diploma or certificate in basic teachers training of a duration not less than two years,1,0,0,0,53,376,13,59,90,541,10,54,5,23,3,7,4,30,1269,179,1090
2018-19,29,Karnataka,2928,BENGALURU U NORTH,1,Department of Education,2,UPS (I-VIII) ,3,Higher secondary,3,B.Ed. or equivalent,0,0,0,0,2,5,1,10,3,7,0,0,0,0,0,0,0,0,28,6,22
2018-19,29,Karnataka,2928,BENGALURU U NORTH,1,Department of Education,1,PS (I-V) ,2,Secondary,1,Diploma or certificate in basic teachers training of a duration not less than two years,0,0,0,0,2,6,2,0,2,3,0,0,2,3,0,0,0,0,20,8,12
2018-19,29,Karnataka,2928,BENGALURU U NORTH,1,Department of Education,2,UPS (I-VIII) ,2,Secondary,1,Diploma or certificate in basic teachers training of a duration not less than two years,0,0,0,0,1,13,3,9,7,22,3,7,0,8,0,0,0,8,81,14,67
2018-19,29,Karnataka,2928,BENGALURU U NORTH,1,Department of Education,2,UPS (I-VIII) ,2,Secondary,2,Bachelor of Elementary Education (B.El.Ed.),0,0,0,0,0,0,0,0,0,1,0,0,0,0,0,0,0,0,1,0,1
2018-19,29,Karnataka,2928,BENGALURU U NORTH,1,Department of Education,2,UPS (I-VIII) ,2,Secondary,5,Others,0,0,0,0,0,1,0,0,0,0,0,0,0,0,0,0,0,0,1,0,1
2018-19,29,Karnataka,2928,BENGALURU U NORTH,1,Department of Education,11,HSS (XI-XII),5,Post graduate,4,M.Ed. or equivalent,0,0,0,0,0,0,0,0,0,0,0,0,0,0,0,0,1,0,1,1,0
2018-19,29,Karnataka,2928,BENGALURU U NORTH,92,Kendriya Vidyalaya / Central School,3,HSS (I-XII),4,Graduate,4,M.Ed. or equivalent,0,0,0,0,1,0,0,0,0,0,0,0,1,1,0,0,1,0,4,3,1
2018-19,29,Karnataka,2928,BENGALURU U NORTH,92,Kendriya Vidyalaya / Central School,3,HSS (I-XII),4,Graduate,2,Bachelor of Elementary Education (B.El.Ed.),0,0,0,0,0,2,0,0,0,0,0,0,1,0,0,0,0,0,3,1,2
2018-19,29,Karnataka,2928,BENGALURU U NORTH,92,Kendriya Vidyalaya / Central School,3,HSS (I-XII),4,Graduate,3,B.Ed. or equivalent,0,0,0,0,7,33,0,1,2,18,0,0,3,13,0,0,4,2,83,16,67
2018-19,29,Karnataka,2928,BENGALURU U NORTH,4,Government Aided,11,HSS (XI-XII),7,Ph.D,5,Others,0,0,0,0,0,0,0,0,0,0,0,0,0,0,0,0,1,0,1,1,0
2018-19,29,Karnataka,2928,BENGALURU U NORTH,4,Government Aided,7,SS (VI-X),7,Ph.D,4,M.Ed. or equivalent,0,0,0,0,0,0,0,0,0,0,0,0,1,0,0,0,0,0,1,1,0
2018-19,29,Karnataka,2928,BENGALURU U NORTH,92,Kendriya Vidyalaya / Central School,3,HSS (I-XII),3,Higher secondary,2,Bachelor of Elementary Education (B.El.Ed.),0,0,0,0,0,1,0,0,0,0,0,0,0,0,0,0,0,0,1,0,1
2018-19,29,Karnataka,2928,BENGALURU U NORTH,93,Jawahar Navodaya Vidyalaya,7,SS (VI-X),5,Post graduate,6,None,0,0,0,0,0,0,0,0,5,3,0,0,8,2,0,0,0,0,18,13,5
2018-19,29,Karnataka,2928,BENGALURU U NORTH,92,Kendriya Vidyalaya / Central School,3,HSS (I-XII),3,Higher secondary,1,Diploma or certificate in basic teachers training of a duration not less than two years,0,0,0,0,1,2,0,0,0,0,0,0,0,0,0,0,0,0,3,1,2
2018-19,29,Karnataka,2928,BENGALURU U NORTH,92,Kendriya Vidyalaya / Central School,3,HSS (I-XII),5,Post graduate,2,Bachelor of Elementary Education (B.El.Ed.),0,0,0,0,1,2,0,0,0,1,0,0,1,1,0,0,0,0,6,2,4
2018-19,29,Karnataka,2928,BENGALURU U NORTH,92,Kendriya Vidyalaya / Central School,3,HSS (I-XII),4,Graduate,5,Others,0,0,0,0,0,0,0,0,0,1,0,0,0,0,0,0,0,1,2,0,2
2018-19,29,Karnataka,2928,BENGALURU U NORTH,92,Kendriya Vidyalaya / Central School,3,HSS (I-XII),3,Higher secondary,7,Diploma/degree in special education,0,0,0,0,1,0,0,0,0,0,0,0,0,0,0,0,0,0,1,1,0
2018-19,29,Karnataka,2928,BENGALURU U NORTH,92,Kendriya Vidyalaya / Central School,3,HSS (I-XII),5,Post graduate,3,B.Ed. or equivalent,0,0,0,0,4,13,6,22,6,11,0,0,8,11,0,0,7,9,97,31,66
2018-19,29,Karnataka,2928,BENGALURU U NORTH,92,Kendriya Vidyalaya / Central School,3,HSS (I-XII),4,Graduate,6,None,0,0,0,0,0,8,0,0,0,8,0,0,0,3,0,0,1,1,21,1,20
2018-19,29,Karnataka,2928,BENGALURU U NORTH,92,Kendriya Vidyalaya / Central School,3,HSS (I-XII),5,Post graduate,1,Diploma or certificate in basic teachers training of a duration not less than two years,0,0,0,0,0,0,0,0,1,2,0,0,0,1,0,0,0,0,4,1,3
2018-19,29,Karnataka,2928,BENGALURU U NORTH,4,Government Aided,7,SS (VI-X),7,Ph.D,5,Others,0,0,0,0,0,0,0,0,0,0,0,0,1,1,0,0,0,0,2,1,1
2018-19,29,Karnataka,2928,BENGALURU U NORTH,92,Kendriya Vidyalaya / Central School,3,HSS (I-XII),3,Higher secondary,3,B.Ed. or equivalent,0,0,0,0,0,0,1,0,0,0,0,0,0,0,0,0,0,0,1,1,0
2018-19,29,Karnataka,2928,BENGALURU U NORTH,92,Kendriya Vidyalaya / Central School,3,HSS (I-XII),3,Higher secondary,4,M.Ed. or equivalent,0,0,0,0,0,1,0,0,0,0,0,0,0,0,0,0,0,0,1,0,1
2018-19,29,Karnataka,2928,BENGALURU U NORTH,4,Government Aided,11,HSS (XI-XII),8,Post Doctoral,6,None,0,0,0,0,0,0,0,0,0,0,0,0,0,0,0,0,2,1,3,2,1
2018-19,29,Karnataka,2928,BENGALURU U NORTH,92,Kendriya Vidyalaya / Central School,3,HSS (I-XII),4,Graduate,1,Diploma or certificate in basic teachers training of a duration not less than two years,0,0,0,0,2,8,0,0,3,5,0,0,3,7,0,0,0,2,30,8,22
2018-19,29,Karnataka,2928,BENGALURU U NORTH,1,Department of Education,5, HSS (VI-XII),4,Graduate,5,Others,0,0,0,0,0,0,0,0,0,0,0,0,1,2,0,0,0,0,3,1,2
2018-19,29,Karnataka,2928,BENGALURU U NORTH,1,Department of Education,11,HSS (XI-XII),4,Graduate,5,Others,0,0,0,0,0,0,0,0,0,0,0,0,0,0,0,0,1,0,1,1,0
2018-19,29,Karnataka,2928,BENGALURU U NORTH,1,Department of Education,5, HSS (VI-XII),4,Graduate,4,M.Ed. or equivalent,0,0,0,0,0,0,0,0,0,0,0,0,2,1,0,0,0,0,3,2,1
2018-19,29,Karnataka,2928,BENGALURU U NORTH,1,Department of Education,7,SS (VI-X),4,Graduate,5,Others,0,0,0,0,0,0,0,0,0,0,0,0,0,4,0,0,0,0,4,0,4
2018-19,29,Karnataka,2928,BENGALURU U NORTH,1,Department of Education,11,HSS (XI-XII),4,Graduate,3,B.Ed. or equivalent,0,0,0,0,0,0,0,0,0,0,0,0,0,0,0,0,3,5,8,3,5
2018-19,29,Karnataka,2928,BENGALURU U NORTH,1,Department of Education,2,UPS (I-VIII) ,4,Graduate,4,M.Ed. or equivalent,0,0,0,0,1,2,0,0,1,5,0,0,0,0,0,0,0,0,9,2,7
2018-19,29,Karnataka,2928,BENGALURU U NORTH,1,Department of Education,5, HSS (VI-XII),4,Graduate,3,B.Ed. or equivalent,0,0,0,0,0,0,0,0,0,0,0,0,2,6,0,0,0,0,8,2,6
2018-19,29,Karnataka,2928,BENGALURU U NORTH,1,Department of Education,8,SS (IX-X),4,Graduate,3,B.Ed. or equivalent,0,0,0,0,0,0,0,0,0,0,0,0,4,3,0,0,0,0,7,4,3
2018-19,29,Karnataka,2928,BENGALURU U NORTH,1,Department of Education,1,PS (I-V) ,4,Graduate,4,M.Ed. or equivalent,0,0,0,0,0,2,0,0,0,0,0,0,0,0,0,0,0,0,2,0,2
2018-19,29,Karnataka,2928,BENGALURU U NORTH,1,Department of Education,7,SS (VI-X),4,Graduate,3,B.Ed. or equivalent,3,16,0,0,0,0,0,0,0,3,0,0,15,61,0,0,0,0,98,18,80
2018-19,29,Karnataka,2928,BENGALURU U NORTH,1,Department of Education,6, SS (I-X) ,4,Graduate,3,B.Ed. or equivalent,0,0,0,0,0,0,0,0,0,0,0,0,0,3,0,0,0,0,3,0,3
2018-19,29,Karnataka,2928,BENGALURU U NORTH,1,Department of Education,7,SS (VI-X),4,Graduate,4,M.Ed. or equivalent,0,1,0,0,0,0,0,0,1,0,0,0,7,8,0,0,0,0,17,8,9
2018-19,29,Karnataka,2928,BENGALURU U NORTH,1,Department of Education,8,SS (IX-X),4,Graduate,4,M.Ed. or equivalent,0,0,0,0,0,0,0,0,0,0,0,0,0,1,0,0,0,0,1,0,1
2018-19,29,Karnataka,2928,BENGALURU U NORTH,1,Department of Education,8,SS (IX-X),4,Graduate,5,Others,0,0,0,0,0,0,0,0,0,0,0,0,0,1,0,0,0,0,1,0,1
2018-19,29,Karnataka,2928,BENGALURU U NORTH,1,Department of Education,1,PS (I-V) ,4,Graduate,6,None,0,0,0,0,0,5,0,0,0,0,0,0,0,0,0,0,0,0,5,0,5
2018-19,29,Karnataka,2928,BENGALURU U NORTH,1,Department of Education,7,SS (VI-X),4,Graduate,1,Diploma or certificate in basic teachers training of a duration not less than two years,1,1,0,0,0,0,0,0,0,0,0,0,8,18,0,0,0,0,28,9,19
2018-19,29,Karnataka,2928,BENGALURU U NORTH,1,Department of Education,1,PS (I-V) ,4,Graduate,1,Diploma or certificate in basic teachers training of a duration not less than two years,0,0,0,0,12,53,2,4,1,0,0,0,1,6,0,0,0,0,79,16,63
2018-19,29,Karnataka,2928,BENGALURU U NORTH,1,Department of Education,8,SS (IX-X),4,Graduate,2,Bachelor of Elementary Education (B.El.Ed.),0,0,0,0,0,0,0,0,0,0,0,0,2,0,0,0,0,0,2,2,0
2018-19,29,Karnataka,2928,BENGALURU U NORTH,1,Department of Education,2,UPS (I-VIII) ,4,Graduate,1,Diploma or certificate in basic teachers training of a duration not less than two years,0,0,0,0,9,73,8,23,24,131,5,12,1,8,0,6,0,3,303,47,256
2018-19,29,Karnataka,2928,BENGALURU U NORTH,1,Department of Education,5, HSS (VI-XII),4,Graduate,1,Diploma or certificate in basic teachers training of a duration not less than two years,0,0,0,0,0,0,0,0,0,0,0,0,5,3,0,0,0,0,8,5,3
2018-19,29,Karnataka,2928,BENGALURU U NORTH,1,Department of Education,8,SS (IX-X),4,Graduate,1,Diploma or certificate in basic teachers training of a duration not less than two years,0,0,0,0,0,0,0,0,0,0,0,0,0,1,0,0,0,0,1,0,1
2018-19,29,Karnataka,2928,BENGALURU U NORTH,1,Department of Education,1,PS (I-V) ,4,Graduate,3,B.Ed. or equivalent,0,0,0,0,2,7,0,0,0,0,0,0,0,3,0,0,0,0,12,2,10
2018-19,29,Karnataka,2928,BENGALURU U NORTH,4,Government Aided,11,HSS (XI-XII),7,Ph.D,6,None,0,0,0,0,0,0,0,0,0,0,0,0,0,0,0,0,1,0,1,1,0
2018-19,29,Karnataka,2928,BENGALURU U NORTH,1,Department of Education,11,HSS (XI-XII),4,Graduate,1,Diploma or certificate in basic teachers training of a duration not less than two years,0,0,0,0,0,0,0,0,0,0,0,0,0,0,0,0,1,0,1,1,0
2018-19,29,Karnataka,2928,BENGALURU U NORTH,1,Department of Education,1,PS (I-V) ,4,Graduate,2,Bachelor of Elementary Education (B.El.Ed.),0,0,0,0,1,7,0,1,0,0,0,0,0,1,0,0,0,0,10,1,9
2018-19,29,Karnataka,2928,BENGALURU U NORTH,1,Department of Education,2,UPS (I-VIII) ,4,Graduate,2,Bachelor of Elementary Education (B.El.Ed.),0,0,0,0,1,4,0,0,8,15,0,4,0,0,0,1,1,0,34,10,24
2018-19,29,Karnataka,2928,BENGALURU U NORTH,1,Department of Education,5, HSS (VI-XII),4,Graduate,2,Bachelor of Elementary Education (B.El.Ed.),0,0,0,0,0,0,0,0,0,0,0,0,3,9,0,0,0,0,12,3,9
2018-19,29,Karnataka,2928,BENGALURU U NORTH,1,Department of Education,6, SS (I-X) ,4,Graduate,2,Bachelor of Elementary Education (B.El.Ed.),0,0,0,0,0,0,0,0,0,2,0,0,0,1,0,0,0,0,3,0,3
2018-19,29,Karnataka,2928,BENGALURU U NORTH,1,Department of Education,6, SS (I-X) ,4,Graduate,1,Diploma or certificate in basic teachers training of a duration not less than two years,0,0,0,0,5,2,0,0,0,2,0,4,0,0,0,0,0,0,13,5,8
2018-19,29,Karnataka,2928,BENGALURU U NORTH,1,Department of Education,7,SS (VI-X),4,Graduate,2,Bachelor of Elementary Education (B.El.Ed.),8,11,0,0,0,0,0,0,0,1,0,0,12,27,1,1,0,0,61,21,40
2018-19,29,Karnataka,2928,BENGALURU U NORTH,1,Department of Education,2,UPS (I-VIII) ,4,Graduate,3,B.Ed. or equivalent,0,0,0,0,1,5,1,4,4,15,1,3,0,0,2,0,1,2,39,10,29
2018-19,29,Karnataka,2928,BENGALURU U NORTH,1,Department of Education,7,SS (VI-X),5,Post graduate,1,Diploma or certificate in basic teachers training of a duration not less than two years,0,0,0,0,0,0,0,0,0,0,0,0,2,10,0,0,0,0,12,2,10
2018-19,29,Karnataka,2928,BENGALURU U NORTH,1,Department of Education,1,PS (I-V) ,4,Graduate,7,Diploma/degree in special education,0,0,0,0,0,2,0,0,0,0,0,0,0,0,0,0,0,0,2,0,2
2018-19,29,Karnataka,2928,BENGALURU U NORTH,1,Department of Education,1,PS (I-V) ,5,Post graduate,1,Diploma or certificate in basic teachers training of a duration not less than two years,0,0,0,0,2,15,0,1,0,0,0,0,3,0,0,0,0,0,21,5,16
2018-19,29,Karnataka,2928,BENGALURU U NORTH,1,Department of Education,5, HSS (VI-XII),4,Graduate,7,Diploma/degree in special education,0,0,0,0,0,0,0,0,0,0,0,0,0,1,0,0,0,0,1,0,1
2018-19,29,Karnataka,2928,BENGALURU U NORTH,1,Department of Education,7,SS (VI-X),4,Graduate,7,Diploma/degree in special education,0,0,0,0,0,0,0,0,0,0,0,0,0,0,0,2,0,0,2,0,2
2018-19,29,Karnataka,2928,BENGALURU U NORTH,1,Department of Education,8,SS (IX-X),5,Post graduate,1,Diploma or certificate in basic teachers training of a duration not less than two years,0,0,0,0,0,0,0,0,0,0,0,0,0,3,0,0,0,0,3,0,3
2018-19,29,Karnataka,2928,BENGALURU U NORTH,1,Department of Education,7,SS (VI-X),4,Graduate,6,None,0,0,0,0,0,0,0,0,0,0,0,0,12,21,0,0,0,0,33,12,21
2018-19,29,Karnataka,2928,BENGALURU U NORTH,1,Department of Education,2,UPS (I-VIII) ,4,Graduate,7,Diploma/degree in special education,0,0,0,0,0,1,0,0,0,3,0,0,0,0,0,0,0,0,4,0,4
2018-19,29,Karnataka,2928,BENGALURU U NORTH,1,Department of Education,2,UPS (I-VIII) ,5,Post graduate,1,Diploma or certificate in basic teachers training of a duration not less than two years,0,1,0,0,4,14,0,5,5,31,2,4,0,1,0,3,0,3,73,11,62
2018-19,29,Karnataka,2928,BENGALURU U NORTH,1,Department of Education,11,HSS (XI-XII),4,Graduate,6,None,0,0,0,0,0,0,0,0,0,0,0,0,0,0,0,0,27,41,68,27,41
2018-19,29,Karnataka,2928,BENGALURU U NORTH,1,Department of Education,6, SS (I-X) ,5,Post graduate,1,Diploma or certificate in basic teachers training of a duration not less than two years,0,0,0,0,0,1,0,0,2,1,0,0,0,0,0,0,0,0,4,2,2
2018-19,29,Karnataka,2928,BENGALURU U NORTH,1,Department of Education,6, SS (I-X) ,4,Graduate,7,Diploma/degree in special education,0,0,0,0,0,0,0,0,0,1,0,1,0,0,0,0,0,0,2,0,2
2018-19,29,Karnataka,2928,BENGALURU U NORTH,1,Department of Education,2,UPS (I-VIII) ,4,Graduate,6,None,0,0,0,0,1,4,0,1,2,0,0,0,0,0,0,0,0,0,8,3,5
2018-19,29,Karnataka,2928,BENGALURU U NORTH,1,Department of Education,7,SS (VI-X),3,Higher secondary,4,M.Ed. or equivalent,0,0,0,0,0,0,0,0,0,0,0,0,1,0,0,0,0,0,1,1,0
2018-19,29,Karnataka,2928,BENGALURU U NORTH,1,Department of Education,2,UPS (I-VIII) ,3,Higher secondary,4,M.Ed. or equivalent,0,0,0,0,0,2,1,0,0,3,0,0,0,0,0,0,0,0,6,1,5
2018-19,29,Karnataka,2928,BENGALURU U NORTH,1,Department of Education,8,SS (IX-X),3,Higher secondary,5,Others,0,0,0,0,0,0,0,0,0,0,0,0,0,1,0,0,0,0,1,0,1
2018-19,29,Karnataka,2928,BENGALURU U NORTH,1,Department of Education,1,PS (I-V) ,3,Higher secondary,4,M.Ed. or equivalent,0,0,0,0,0,0,0,0,0,0,0,0,0,1,0,0,0,0,1,0,1
2018-19,29,Karnataka,2928,BENGALURU U NORTH,1,Department of Education,2,UPS (I-VIII) ,3,Higher secondary,5,Others,0,0,0,0,0,0,0,1,1,3,0,0,0,0,0,0,0,0,5,1,4
2018-19,29,Karnataka,2928,BENGALURU U NORTH,1,Department of Education,5, HSS (VI-XII),3,Higher secondary,3,B.Ed. or equivalent,0,0,0,0,0,0,0,0,0,0,0,0,0,2,0,0,0,0,2,0,2
2018-19,29,Karnataka,2928,BENGALURU U NORTH,1,Department of Education,7,SS (VI-X),3,Higher secondary,3,B.Ed. or equivalent,0,0,0,0,0,0,0,0,0,0,0,0,2,1,0,0,0,0,3,2,1
2018-19,29,Karnataka,2928,BENGALURU U NORTH,1,Department of Education,2,UPS (I-VIII) ,3,Higher secondary,7,Diploma/degree in special education,0,0,0,0,1,0,0,0,0,1,1,0,0,0,0,0,0,0,3,2,1
2018-19,29,Karnataka,2928,BENGALURU U NORTH,1,Department of Education,5, HSS (VI-XII),3,Higher secondary,7,Diploma/degree in special education,0,0,0,0,0,0,0,0,0,0,0,0,1,0,0,0,0,0,1,1,0
2018-19,29,Karnataka,2928,BENGALURU U NORTH,1,Department of Education,1,PS (I-V) ,3,Higher secondary,6,None,0,0,0,0,1,2,0,0,0,0,0,0,0,0,0,0,0,0,3,1,2
2018-19,29,Karnataka,2928,BENGALURU U NORTH,1,Department of Education,7,SS (VI-X),3,Higher secondary,5,Others,3,3,0,0,0,0,0,0,0,0,0,0,1,0,0,0,0,0,7,4,3
2018-19,29,Karnataka,2928,BENGALURU U NORTH,1,Department of Education,7,SS (VI-X),3,Higher secondary,7,Diploma/degree in special education,0,1,0,0,0,0,0,0,0,0,0,0,0,1,0,0,0,0,2,0,2
2018-19,29,Karnataka,2928,BENGALURU U NORTH,1,Department of Education,1,PS (I-V) ,3,Higher secondary,5,Others,0,0,0,0,1,2,0,1,0,0,0,0,0,0,0,0,0,0,4,1,3
2018-19,29,Karnataka,2928,BENGALURU U NORTH,1,Department of Education,6, SS (I-X) ,3,Higher secondary,4,M.Ed. or equivalent,0,0,0,0,0,1,0,0,0,1,0,0,0,0,0,0,0,0,2,0,2
2018-19,29,Karnataka,2928,BENGALURU U NORTH,1,Department of Education,7,SS (VI-X),3,Higher secondary,6,None,0,0,0,0,0,0,0,0,0,0,0,0,1,1,0,0,0,0,2,1,1
2018-19,29,Karnataka,2928,BENGALURU U NORTH,1,Department of Education,2,UPS (I-VIII) ,3,Higher secondary,6,None,0,0,0,0,2,4,0,2,0,1,0,0,0,0,0,0,0,0,9,2,7
2018-19,29,Karnataka,2928,BENGALURU U NORTH,4,Government Aided,6, SS (I-X) ,5,Post graduate,6,None,0,0,0,0,0,1,0,1,0,0,0,0,0,0,0,0,0,0,2,0,2
2018-19,29,Karnataka,2928,BENGALURU U NORTH,4,Government Aided,11,HSS (XI-XII),5,Post graduate,4,M.Ed. or equivalent,0,0,0,0,0,0,0,0,0,0,0,0,0,0,0,0,6,6,12,6,6
2018-19,29,Karnataka,2928,BENGALURU U NORTH,4,Government Aided,11,HSS (XI-XII),5,Post graduate,5,Others,0,0,0,0,0,0,0,0,0,0,0,0,0,0,0,0,26,14,40,26,14
2018-19,29,Karnataka,2928,BENGALURU U NORTH,4,Government Aided,6, SS (I-X) ,7,Ph.D,1,Diploma or certificate in basic teachers training of a duration not less than two years,2,0,0,0,0,0,0,0,0,0,0,0,0,0,0,0,0,0,2,2,0
2018-19,29,Karnataka,2928,BENGALURU U NORTH,4,Government Aided,7,SS (VI-X),5,Post graduate,7,Diploma/degree in special education,0,0,0,0,0,0,0,0,0,0,0,0,0,1,0,0,0,0,1,0,1
2018-19,29,Karnataka,2928,BENGALURU U NORTH,4,Government Aided,2,UPS (I-VIII) ,5,Post graduate,4,M.Ed. or equivalent,0,0,0,0,1,3,0,0,2,2,0,0,0,0,0,0,0,0,8,3,5
2018-19,29,Karnataka,2928,BENGALURU U NORTH,4,Government Aided,7,SS (VI-X),5,Post graduate,6,None,0,0,0,0,0,0,0,0,0,0,0,0,2,2,0,0,0,0,4,2,2
2018-19,29,Karnataka,2928,BENGALURU U NORTH,4,Government Aided,2,UPS (I-VIII) ,7,Ph.D,1,Diploma or certificate in basic teachers training of a duration not less than two years,0,0,0,0,0,0,0,0,1,0,0,0,0,0,0,0,0,0,1,1,0
2018-19,29,Karnataka,2928,BENGALURU U NORTH,4,Government Aided,2,UPS (I-VIII) ,6,M.Phil,1,Diploma or certificate in basic teachers training of a duration not less than two years,0,0,0,0,0,1,0,0,0,0,0,0,0,0,0,0,0,0,1,0,1
2018-19,29,Karnataka,2928,BENGALURU U NORTH,4,Government Aided,11,HSS (XI-XII),6,M.Phil,5,Others,0,0,0,0,0,0,0,0,0,0,0,0,0,0,0,0,0,1,1,0,1
2018-19,29,Karnataka,2928,BENGALURU U NORTH,4,Government Aided,7,SS (VI-X),5,Post graduate,5,Others,0,0,0,0,0,0,0,0,0,0,0,0,1,2,0,1,0,0,4,1,3
2018-19,29,Karnataka,2928,BENGALURU U NORTH,4,Government Aided,7,SS (VI-X),5,Post graduate,4,M.Ed. or equivalent,1,6,0,0,0,0,0,0,0,0,0,0,6,5,1,1,0,0,20,8,12
2018-19,29,Karnataka,2928,BENGALURU U NORTH,4,Government Aided,6, SS (I-X) ,5,Post graduate,4,M.Ed. or equivalent,0,1,0,0,0,0,0,0,0,0,0,0,0,0,0,0,0,0,1,0,1
2018-19,29,Karnataka,2928,BENGALURU U NORTH,4,Government Aided,11,HSS (XI-XII),5,Post graduate,3,B.Ed. or equivalent,0,0,0,0,0,0,0,0,0,0,0,0,0,0,0,0,5,2,7,5,2
2018-19,29,Karnataka,2928,BENGALURU U NORTH,4,Government Aided,11,HSS (XI-XII),5,Post graduate,6,None,0,0,0,0,0,0,0,0,0,0,0,0,0,0,0,0,59,61,120,59,61
2018-19,29,Karnataka,2928,BENGALURU U NORTH,4,Government Aided,7,SS (VI-X),7,Ph.D,1,Diploma or certificate in basic teachers training of a duration not less than two years,0,0,0,0,0,0,0,0,0,0,0,0,0,1,0,0,0,0,1,0,1
2018-19,29,Karnataka,2928,BENGALURU U NORTH,4,Government Aided,7,SS (VI-X),7,Ph.D,2,Bachelor of Elementary Education (B.El.Ed.),0,0,0,0,0,0,0,0,0,0,0,0,5,2,0,0,0,0,7,5,2
2018-19,29,Karnataka,2928,BENGALURU U NORTH,4,Government Aided,11,HSS (XI-XII),7,Ph.D,3,B.Ed. or equivalent,0,0,0,0,0,0,0,0,0,0,0,0,0,0,0,0,2,0,2,2,0
2018-19,29,Karnataka,2928,BENGALURU U NORTH,4,Government Aided,11,HSS (XI-XII),6,M.Phil,7,Diploma/degree in special education,0,0,0,0,0,0,0,0,0,0,0,0,0,0,0,0,1,0,1,1,0
2018-19,29,Karnataka,2928,BENGALURU U NORTH,5,Private Unaided (Recognized),11,HSS (XI-XII),4,Graduate,3,B.Ed. or equivalent,0,0,0,0,0,0,0,0,0,0,0,0,0,0,0,0,3,3,6,3,3
2018-19,29,Karnataka,2928,BENGALURU U NORTH,5,Private Unaided (Recognized),3,HSS (I-XII),4,Graduate,5,Others,1,4,0,0,0,7,0,2,0,6,0,0,0,7,0,1,0,0,28,1,27
2018-19,29,Karnataka,2928,BENGALURU U NORTH,5,Private Unaided (Recognized),2,UPS (I-VIII) ,4,Graduate,4,M.Ed. or equivalent,0,0,0,1,2,18,0,4,0,13,0,2,0,0,0,0,0,0,40,2,38
2018-19,29,Karnataka,2928,BENGALURU U NORTH,5,Private Unaided (Recognized),11,HSS (XI-XII),4,Graduate,4,M.Ed. or equivalent,0,0,0,0,0,0,0,0,0,0,0,0,0,0,0,0,5,3,8,5,3
2018-19,29,Karnataka,2928,BENGALURU U NORTH,5,Private Unaided (Recognized),5, HSS (VI-XII),4,Graduate,3,B.Ed. or equivalent,0,0,0,0,0,0,0,0,0,0,0,0,0,7,0,0,0,0,7,0,7
2018-19,29,Karnataka,2928,BENGALURU U NORTH,5,Private Unaided (Recognized),8,SS (IX-X),4,Graduate,4,M.Ed. or equivalent,0,0,0,0,0,0,0,0,0,1,0,0,0,5,0,0,0,0,6,0,6
2018-19,29,Karnataka,2928,BENGALURU U NORTH,5,Private Unaided (Recognized),7,SS (VI-X),4,Graduate,3,B.Ed. or equivalent,3,4,0,0,0,0,0,0,0,1,0,0,22,68,0,2,0,0,100,25,75
2018-19,29,Karnataka,2928,BENGALURU U NORTH,5,Private Unaided (Recognized),6, SS (I-X) ,4,Graduate,3,B.Ed. or equivalent,15,56,1,0,55,329,18,77,54,317,16,71,78,351,9,24,11,33,1515,257,1258
2018-19,29,Karnataka,2928,BENGALURU U NORTH,5,Private Unaided (Recognized),1,PS (I-V) ,4,Graduate,5,Others,0,0,0,0,2,7,0,4,0,8,0,0,0,3,0,0,0,0,24,2,22
2018-19,29,Karnataka,2928,BENGALURU U NORTH,5,Private Unaided (Recognized),5, HSS (VI-XII),4,Graduate,5,Others,0,1,0,0,0,0,0,0,0,0,0,0,2,0,0,0,0,1,4,2,2
2018-19,29,Karnataka,2928,BENGALURU U NORTH,5,Private Unaided (Recognized),4,UPS (VI-VIII) ,4,Graduate,5,Others,0,0,0,0,0,0,0,0,0,1,0,0,0,0,0,0,0,0,1,0,1
2018-19,29,Karnataka,2928,BENGALURU U NORTH,5,Private Unaided (Recognized),5, HSS (VI-XII),4,Graduate,4,M.Ed. or equivalent,0,0,0,0,0,0,0,0,0,0,0,0,0,1,0,0,0,0,1,0,1
2018-19,29,Karnataka,2928,BENGALURU U NORTH,5,Private Unaided (Recognized),7,SS (VI-X),4,Graduate,4,M.Ed. or equivalent,0,0,0,0,0,0,0,0,0,0,0,0,0,7,0,0,0,0,7,0,7
2018-19,29,Karnataka,2928,BENGALURU U NORTH,5,Private Unaided (Recognized),3,HSS (I-XII),4,Graduate,4,M.Ed. or equivalent,0,0,0,0,0,5,0,0,0,0,0,0,1,2,0,0,0,0,8,1,7
2018-19,29,Karnataka,2928,BENGALURU U NORTH,5,Private Unaided (Recognized),8,SS (IX-X),4,Graduate,3,B.Ed. or equivalent,1,0,0,0,0,0,0,0,1,1,0,0,7,16,0,0,0,0,26,9,17
2018-19,29,Karnataka,2928,BENGALURU U NORTH,5,Private Unaided (Recognized),1,PS (I-V) ,4,Graduate,4,M.Ed. or equivalent,0,0,0,0,1,7,0,0,1,0,0,0,0,0,0,0,0,0,9,2,7
2018-19,29,Karnataka,2928,BENGALURU U NORTH,5,Private Unaided (Recognized),6, SS (I-X) ,4,Graduate,4,M.Ed. or equivalent,3,7,0,0,12,59,1,13,11,55,1,7,7,52,1,1,0,2,232,36,196
2018-19,29,Karnataka,2928,BENGALURU U NORTH,5,Private Unaided (Recognized),2,UPS (I-VIII) ,4,Graduate,5,Others,0,4,0,0,4,74,0,5,2,43,0,6,0,7,0,0,0,2,147,6,141
2018-19,29,Karnataka,2928,BENGALURU U NORTH,5,Private Unaided (Recognized),6, SS (I-X) ,5,Post graduate,1,Diploma or certificate in basic teachers training of a duration not less than two years,8,9,0,0,21,109,4,19,20,106,2,4,7,64,1,2,0,7,383,63,320
2018-19,29,Karnataka,2928,BENGALURU U NORTH,5,Private Unaided (Recognized),8,SS (IX-X),5,Post graduate,1,Diploma or certificate in basic teachers training of a duration not less than two years,0,0,0,0,0,0,0,0,0,1,0,0,1,2,0,0,0,0,4,1,3
2018-19,29,Karnataka,2928,BENGALURU U NORTH,5,Private Unaided (Recognized),11,HSS (XI-XII),4,Graduate,7,Diploma/degree in special education,0,0,0,0,0,0,0,0,0,0,0,0,0,1,0,0,5,0,6,5,1
2018-19,29,Karnataka,2928,BENGALURU U NORTH,5,Private Unaided (Recognized),2,UPS (I-VIII) ,5,Post graduate,1,Diploma or certificate in basic teachers training of a duration not less than two years,0,0,0,0,5,42,0,3,4,25,0,0,0,2,1,0,0,0,82,10,72
2018-19,29,Karnataka,2928,BENGALURU U NORTH,5,Private Unaided (Recognized),2,UPS (I-VIII) ,5,Post graduate,2,Bachelor of Elementary Education (B.El.Ed.),0,0,0,0,2,19,1,2,3,26,2,5,0,5,2,0,0,3,70,10,60
2018-19,29,Karnataka,2928,BENGALURU U NORTH,5,Private Unaided (Recognized),1,PS (I-V) ,5,Post graduate,2,Bachelor of Elementary Education (B.El.Ed.),0,0,0,0,0,2,0,0,0,0,0,0,0,0,0,0,0,0,2,0,2
2018-19,29,Karnataka,2928,BENGALURU U NORTH,5,Private Unaided (Recognized),1,PS (I-V) ,5,Post graduate,1,Diploma or certificate in basic teachers training of a duration not less than two years,0,0,0,0,1,8,0,1,0,2,0,0,0,0,0,0,0,0,12,1,11
2018-19,29,Karnataka,2928,BENGALURU U NORTH,5,Private Unaided (Recognized),5, HSS (VI-XII),5,Post graduate,2,Bachelor of Elementary Education (B.El.Ed.),1,8,0,0,0,0,0,0,0,0,0,0,3,2,0,0,0,0,14,4,10
2018-19,29,Karnataka,2928,BENGALURU U NORTH,5,Private Unaided (Recognized),8,SS (IX-X),4,Graduate,7,Diploma/degree in special education,0,0,0,0,0,0,0,0,0,0,0,0,0,3,0,0,0,0,3,0,3
2018-19,29,Karnataka,2928,BENGALURU U NORTH,5,Private Unaided (Recognized),3,HSS (I-XII),5,Post graduate,2,Bachelor of Elementary Education (B.El.Ed.),0,3,0,0,2,19,0,0,0,26,0,0,1,4,0,0,0,0,55,3,52
2018-19,29,Karnataka,2928,BENGALURU U NORTH,5,Private Unaided (Recognized),11,HSS (XI-XII),5,Post graduate,1,Diploma or certificate in basic teachers training of a duration not less than two years,0,0,0,0,0,0,0,0,0,0,0,0,0,0,0,0,18,28,46,18,28
2018-19,29,Karnataka,2928,BENGALURU U NORTH,5,Private Unaided (Recognized),6, SS (I-X) ,5,Post graduate,2,Bachelor of Elementary Education (B.El.Ed.),33,53,0,2,31,102,1,17,28,121,7,25,12,72,1,15,4,16,540,117,423
2018-19,29,Karnataka,2928,BENGALURU U NORTH,5,Private Unaided (Recognized),7,SS (VI-X),5,Post graduate,1,Diploma or certificate in basic teachers training of a duration not less than two years,1,1,0,0,0,0,0,0,0,0,0,0,3,10,1,0,0,0,16,5,11
2018-19,29,Karnataka,2928,BENGALURU U NORTH,5,Private Unaided (Recognized),3,HSS (I-XII),5,Post graduate,1,Diploma or certificate in basic teachers training of a duration not less than two years,0,0,0,0,1,3,0,0,0,7,0,0,0,4,0,0,0,0,15,1,14
2018-19,29,Karnataka,2928,BENGALURU U NORTH,5,Private Unaided (Recognized),6, SS (I-X) ,8,Post Doctoral,6,None,0,0,0,0,0,5,0,0,0,2,0,0,0,1,0,0,0,0,8,0,8
2018-19,29,Karnataka,2928,BENGALURU U NORTH,5,Private Unaided (Recognized),6, SS (I-X) ,8,Post Doctoral,4,M.Ed. or equivalent,0,0,0,0,0,0,0,0,0,0,0,0,0,1,0,0,0,0,1,0,1
2018-19,29,Karnataka,2928,BENGALURU U NORTH,5,Private Unaided (Recognized),11,HSS (XI-XII),8,Post Doctoral,4,M.Ed. or equivalent,0,0,0,0,0,0,0,0,0,0,0,0,0,0,0,0,1,1,2,1,1
2018-19,29,Karnataka,2928,BENGALURU U NORTH,5,Private Unaided (Recognized),6, SS (I-X) ,3,Higher secondary,7,Diploma/degree in special education,0,0,0,0,0,19,0,1,1,14,1,1,1,4,0,1,0,1,44,3,41
2018-19,29,Karnataka,2928,BENGALURU U NORTH,5,Private Unaided (Recognized),8,SS (IX-X),3,Higher secondary,5,Others,0,0,0,0,0,1,0,0,0,0,0,0,0,1,0,0,0,0,2,0,2
2018-19,29,Karnataka,2928,BENGALURU U NORTH,5,Private Unaided (Recognized),3,HSS (I-XII),3,Higher secondary,7,Diploma/degree in special education,0,0,0,0,0,2,0,0,0,0,0,0,0,0,0,0,0,0,2,0,2
2018-19,29,Karnataka,2928,BENGALURU U NORTH,5,Private Unaided (Recognized),1,PS (I-V) ,3,Higher secondary,6,None,0,0,0,0,1,12,0,0,0,0,0,0,0,0,0,0,0,0,13,1,12
2018-19,29,Karnataka,2928,BENGALURU U NORTH,5,Private Unaided (Recognized),11,HSS (XI-XII),3,Higher secondary,6,None,0,0,0,0,0,0,0,0,0,0,0,0,0,0,0,0,1,2,3,1,2
2018-19,29,Karnataka,2928,BENGALURU U NORTH,5,Private Unaided (Recognized),6, SS (I-X) ,3,Higher secondary,6,None,0,0,0,0,12,91,4,17,4,78,1,2,2,25,0,0,0,2,238,23,215
2018-19,29,Karnataka,2928,BENGALURU U NORTH,5,Private Unaided (Recognized),2,UPS (I-VIII) ,3,Higher secondary,6,None,0,0,0,0,3,33,1,0,1,17,0,0,0,0,0,0,0,0,55,5,50
2018-19,29,Karnataka,2928,BENGALURU U NORTH,5,Private Unaided (Recognized),2,UPS (I-VIII) ,4,Graduate,1,Diploma or certificate in basic teachers training of a duration not less than two years,0,0,0,0,25,269,0,18,16,133,1,8,0,33,0,1,0,5,509,42,467
2018-19,29,Karnataka,2928,BENGALURU U NORTH,5,Private Unaided (Recognized),7,SS (VI-X),3,Higher secondary,5,Others,0,0,0,0,0,0,0,0,0,0,0,0,1,0,0,0,0,0,1,1,0
2018-19,29,Karnataka,2928,BENGALURU U NORTH,5,Private Unaided (Recognized),3,HSS (I-XII),3,Higher secondary,6,None,0,0,0,0,0,0,0,0,0,12,0,1,0,0,0,0,0,0,13,0,13
2018-19,29,Karnataka,2928,BENGALURU U NORTH,5,Private Unaided (Recognized),1,PS (I-V) ,4,Graduate,1,Diploma or certificate in basic teachers training of a duration not less than two years,0,0,0,0,3,66,0,4,0,5,0,0,0,1,0,0,0,1,80,3,77
2018-19,29,Karnataka,2928,BENGALURU U NORTH,5,Private Unaided (Recognized),2,UPS (I-VIII) ,3,Higher secondary,7,Diploma/degree in special education,0,0,0,0,0,5,0,1,0,3,0,1,0,3,0,0,0,1,14,0,14
2018-19,29,Karnataka,2928,BENGALURU U NORTH,5,Private Unaided (Recognized),1,PS (I-V) ,3,Higher secondary,7,Diploma/degree in special education,0,0,0,0,0,4,0,0,0,0,0,0,0,0,0,0,0,0,4,0,4
2018-19,29,Karnataka,2928,BENGALURU U NORTH,8,Unrecognized,2,UPS (I-VIII) ,4,Graduate,6,None,0,0,0,0,0,1,0,0,0,0,0,0,0,0,0,0,0,0,1,0,1
2018-19,29,Karnataka,2928,BENGALURU U NORTH,8,Unrecognized,2,UPS (I-VIII) ,3,Higher secondary,1,Diploma or certificate in basic teachers training of a duration not less than two years,0,0,0,0,0,1,0,0,0,4,0,0,0,0,0,0,0,0,5,0,5
