Academic_Year,State_Code,State_Name,District_Code,District_Name,Block_Code,Udise_Block_Name,School_Category_Id,School_Category_Name,School_Management_Id,School_Management_Name,Location,School_Type_Id,School_Type,Total_Number_of_Schools,Building,Complete_Medical_Checkup,Computer_Available,Functional_Drinking_Water,Drinking_Water,Functional_Electricity,Functional_Boy_Toilet,Functional_Girl_Toilet,Functional_Toilet_Facility,Functional_Toilet_and_Urinal,Functional_Urinal,Functional_Urinal_Boy,Functional_Urinal_Girl,Handwash,Separate_Room_for_Headmaster,Incinerator,Internet,Kitchen_Garden,Land_Available,Librarian,Library_or_Reading_Corner_or_Book_Bank,Medical_Checkup,Newspaper,Playground,Rain_Water_Harvesting,Ramps,Solar_Panel,Furniture,Water_Purifier,Water_Tested
2015-16,29,Karnataka,2921,BENGALURU RURAL,292101,NELAMANGALA,5,HSS (VI-XII),1,Department of Education,Urban,3,Co-Ed,1,1,0,0,1,1,1,1,1,1,0,0,0,0,1,1,0,1,1,1,0,1,1,1,1,0,1,0,1,0,0
2015-16,29,Karnataka,2921,BENGALURU RURAL,292101,NELAMANGALA,11,HSS (XI-XII),5,Private Unaided (Recognized),Urban,2,Girls,1,1,0,1,1,1,1,0,1,1,0,0,0,0,1,1,0,0,0,1,0,1,1,1,1,0,1,0,1,0,0
2015-16,29,Karnataka,2921,BENGALURU RURAL,292101,NELAMANGALA,11,HSS (XI-XII),1,Department of Education,Rural,3,Co-Ed,1,1,0,0,1,1,1,1,1,1,0,0,0,0,1,0,0,0,0,1,0,1,0,1,0,0,1,0,1,0,0
2015-16,29,Karnataka,2921,BENGALURU RURAL,292101,NELAMANGALA,11,HSS (XI-XII),4,Government Aided,Rural,3,Co-Ed,1,1,0,1,1,1,1,1,1,1,0,0,0,0,1,1,0,0,0,1,0,1,1,1,1,0,1,0,1,0,0
2015-16,29,Karnataka,2921,BENGALURU RURAL,292101,NELAMANGALA,11,HSS (XI-XII),5,Private Unaided (Recognized),Rural,3,Co-Ed,2,2,0,2,2,2,2,2,2,2,0,0,0,0,1,2,0,1,0,2,0,2,1,2,2,1,2,0,1,0,0
2015-16,29,Karnataka,2921,BENGALURU RURAL,292101,NELAMANGALA,11,HSS (XI-XII),4,Government Aided,Urban,3,Co-Ed,2,2,0,2,2,2,2,2,2,2,0,0,0,0,0,2,0,1,0,2,0,2,1,2,2,0,2,0,2,0,0
2015-16,29,Karnataka,2921,BENGALURU RURAL,292101,NELAMANGALA,11,HSS (XI-XII),5,Private Unaided (Recognized),Urban,3,Co-Ed,3,3,0,3,3,3,3,3,3,3,0,0,0,0,2,3,0,2,0,3,0,3,1,3,3,1,3,0,3,0,0
2015-16,29,Karnataka,2921,BENGALURU RURAL,292101,NELAMANGALA,1,PS (I-V),1,Department of Education,Rural,3,Co-Ed,189,187,0,3,188,189,189,189,189,189,0,0,0,0,111,4,0,0,171,78,0,189,189,185,46,0,120,0,140,0,0
2015-16,29,Karnataka,2921,BENGALURU RURAL,292101,NELAMANGALA,1,PS (I-V),5,Private Unaided (Recognized),Rural,3,Co-Ed,6,6,0,5,6,6,6,6,6,6,0,0,0,0,3,5,0,0,0,6,0,6,3,5,5,0,3,0,5,0,0
2015-16,29,Karnataka,2921,BENGALURU RURAL,292101,NELAMANGALA,1,PS (I-V),1,Department of Education,Urban,3,Co-Ed,2,2,0,0,2,2,2,2,2,2,0,0,0,0,0,0,0,0,1,1,0,2,2,2,1,0,2,0,2,0,0
2015-16,29,Karnataka,2921,BENGALURU RURAL,292101,NELAMANGALA,1,PS (I-V),5,Private Unaided (Recognized),Urban,3,Co-Ed,1,1,0,1,1,1,1,1,1,1,0,0,0,0,0,1,0,0,0,1,0,1,1,1,1,0,1,0,1,0,0
2015-16,29,Karnataka,2921,BENGALURU RURAL,292101,NELAMANGALA,6,SS (I-X),5,Private Unaided (Recognized),Rural,3,Co-Ed,14,14,0,14,14,14,14,14,14,14,0,0,0,0,11,14,0,8,0,13,3,14,13,13,14,3,1,0,14,0,0
2015-16,29,Karnataka,2921,BENGALURU RURAL,292101,NELAMANGALA,6,SS (I-X),5,Private Unaided (Recognized),Urban,3,Co-Ed,6,6,0,6,6,6,6,6,6,6,0,0,0,0,0,6,0,4,0,4,0,6,6,6,6,1,1,0,6,0,0
2015-16,29,Karnataka,2921,BENGALURU RURAL,292101,NELAMANGALA,8,SS (IX-X),1,Department of Education,Rural,3,Co-Ed,1,1,0,0,1,1,1,1,1,1,0,0,0,0,1,1,0,0,1,1,0,1,1,1,1,0,0,0,1,0,0
2015-16,29,Karnataka,2921,BENGALURU RURAL,292101,NELAMANGALA,7,SS (VI-X),1,Department of Education,Rural,3,Co-Ed,9,9,0,8,9,9,9,9,9,9,0,0,0,0,6,8,0,0,8,9,0,9,9,7,9,0,4,0,9,0,0
2015-16,29,Karnataka,2921,BENGALURU RURAL,292101,NELAMANGALA,7,SS (VI-X),4,Government Aided,Rural,3,Co-Ed,17,17,0,10,17,17,17,17,17,17,0,0,0,0,12,15,0,1,15,15,1,17,17,17,16,3,1,0,16,0,0
2015-16,29,Karnataka,2921,BENGALURU RURAL,292101,NELAMANGALA,7,SS (VI-X),5,Private Unaided (Recognized),Rural,3,Co-Ed,2,2,0,2,2,2,2,2,2,2,0,0,0,0,1,1,0,0,0,0,0,2,2,2,2,0,0,0,2,0,0
2015-16,29,Karnataka,2921,BENGALURU RURAL,292101,NELAMANGALA,7,SS (VI-X),4,Government Aided,Urban,3,Co-Ed,2,2,0,1,2,2,2,1,2,2,0,0,0,0,1,2,0,0,2,1,0,2,2,2,2,1,0,0,2,0,0
2015-16,29,Karnataka,2921,BENGALURU RURAL,292101,NELAMANGALA,7,SS (VI-X),5,Private Unaided (Recognized),Urban,3,Co-Ed,3,3,0,3,3,3,3,3,3,3,0,0,0,0,0,3,0,2,0,2,0,3,3,3,3,2,0,0,3,0,0
2015-16,29,Karnataka,2921,BENGALURU RURAL,292101,NELAMANGALA,2,UPS (I-VIII),1,Department of Education,Rural,3,Co-Ed,93,93,0,29,93,93,93,93,93,93,0,0,0,0,42,33,0,0,89,59,0,93,93,93,51,0,76,0,63,0,0
2015-16,29,Karnataka,2921,BENGALURU RURAL,292101,NELAMANGALA,2,UPS (I-VIII),4,Government Aided,Rural,3,Co-Ed,2,2,0,2,2,2,2,2,2,2,0,0,0,0,2,2,0,0,1,2,0,2,2,2,2,0,0,0,2,0,0
2015-16,29,Karnataka,2921,BENGALURU RURAL,292101,NELAMANGALA,2,UPS (I-VIII),5,Private Unaided (Recognized),Rural,3,Co-Ed,9,9,0,8,9,9,9,9,9,9,0,0,0,0,5,9,0,0,0,7,1,9,8,9,9,0,4,0,9,0,0
2015-16,29,Karnataka,2921,BENGALURU RURAL,292101,NELAMANGALA,2,UPS (I-VIII),1,Department of Education,Urban,3,Co-Ed,4,4,0,1,4,4,4,4,4,4,0,0,0,0,1,3,0,0,3,3,0,4,4,4,2,0,4,0,3,0,0
2015-16,29,Karnataka,2921,BENGALURU RURAL,292101,NELAMANGALA,2,UPS (I-VIII),4,Government Aided,Urban,3,Co-Ed,1,1,0,0,1,1,1,1,1,1,0,0,0,0,0,1,0,0,0,0,0,1,1,1,1,0,0,0,1,0,0
2015-16,29,Karnataka,2921,BENGALURU RURAL,292101,NELAMANGALA,2,UPS (I-VIII),5,Private Unaided (Recognized),Urban,3,Co-Ed,2,2,0,2,2,2,2,2,2,2,0,0,0,0,0,2,0,0,0,2,0,2,2,2,2,0,0,0,2,0,0
2015-16,29,Karnataka,2921,BENGALURU RURAL,292101,NELAMANGALA,4,UPS (VI-VIII),1,Department of Education,Rural,3,Co-Ed,1,1,0,0,1,1,1,1,1,1,0,0,0,0,1,1,0,0,0,1,0,1,1,1,1,0,1,0,1,0,0
2015-16,29,Karnataka,2921,BENGALURU RURAL,292102,DODDABALLAPURA,3,HSS (I-XII),5,Private Unaided (Recognized),Urban,3,Co-Ed,1,1,0,1,1,1,1,1,1,1,0,0,0,0,1,1,0,1,0,1,0,1,1,1,1,0,0,0,1,0,0
2015-16,29,Karnataka,2921,BENGALURU RURAL,292102,DODDABALLAPURA,10,HSS (IX-XII),5,Private Unaided (Recognized),Urban,3,Co-Ed,1,1,0,0,1,1,1,1,1,1,0,0,0,0,0,1,0,0,0,0,0,1,1,1,1,0,0,0,1,0,0
2015-16,29,Karnataka,2921,BENGALURU RURAL,292102,DODDABALLAPURA,5,HSS (VI-XII),1,Department of Education,Rural,3,Co-Ed,1,1,0,1,1,1,1,1,1,1,0,0,0,0,0,1,0,0,1,1,0,1,1,1,1,0,0,0,1,0,0
2015-16,29,Karnataka,2921,BENGALURU RURAL,292102,DODDABALLAPURA,5,HSS (VI-XII),1,Department of Education,Urban,3,Co-Ed,1,1,0,1,1,1,1,1,1,1,0,0,0,0,0,1,0,1,0,1,0,1,1,1,1,1,1,0,1,0,0
2015-16,29,Karnataka,2921,BENGALURU RURAL,292102,DODDABALLAPURA,11,HSS (XI-XII),1,Department of Education,Rural,3,Co-Ed,1,1,0,0,1,1,1,1,1,1,0,0,0,0,0,1,0,0,0,1,0,1,1,0,0,0,0,0,1,0,0
2015-16,29,Karnataka,2921,BENGALURU RURAL,292102,DODDABALLAPURA,11,HSS (XI-XII),5,Private Unaided (Recognized),Rural,3,Co-Ed,2,2,0,1,2,2,2,1,1,1,0,0,0,0,2,0,0,1,0,0,1,1,1,2,1,1,0,0,1,0,0
2015-16,29,Karnataka,2921,BENGALURU RURAL,292102,DODDABALLAPURA,11,HSS (XI-XII),4,Government Aided,Urban,3,Co-Ed,1,1,0,0,1,1,1,1,1,1,0,0,0,0,0,1,0,0,0,0,0,1,1,1,1,0,1,0,1,0,0
2015-16,29,Karnataka,2921,BENGALURU RURAL,292102,DODDABALLAPURA,11,HSS (XI-XII),5,Private Unaided (Recognized),Urban,3,Co-Ed,2,2,0,0,2,2,2,2,2,2,0,0,0,0,0,2,0,0,0,1,0,2,2,2,2,0,2,0,1,0,0
2015-16,29,Karnataka,2921,BENGALURU RURAL,292102,DODDABALLAPURA,1,PS (I-V),5,Private Unaided (Recognized),Rural,1,Boys,1,1,0,1,1,1,1,1,0,1,0,0,0,0,1,0,0,0,0,0,0,1,0,1,1,0,0,0,1,0,0
2015-16,29,Karnataka,2921,BENGALURU RURAL,292102,DODDABALLAPURA,1,PS (I-V),1,Department of Education,Rural,3,Co-Ed,214,212,0,7,209,214,210,214,214,214,0,0,0,0,153,6,0,0,197,91,0,214,209,202,98,0,105,0,130,0,0
2015-16,29,Karnataka,2921,BENGALURU RURAL,292102,DODDABALLAPURA,1,PS (I-V),5,Private Unaided (Recognized),Rural,3,Co-Ed,11,11,0,8,11,11,10,11,11,11,0,0,0,0,8,11,0,0,1,10,1,11,8,9,11,0,6,0,9,0,0
2015-16,29,Karnataka,2921,BENGALURU RURAL,292102,DODDABALLAPURA,1,PS (I-V),1,Department of Education,Urban,3,Co-Ed,16,15,0,1,12,16,16,16,16,16,0,0,0,0,11,3,0,0,11,8,0,15,16,14,8,0,8,0,9,0,0
2015-16,29,Karnataka,2921,BENGALURU RURAL,292102,DODDABALLAPURA,1,PS (I-V),5,Private Unaided (Recognized),Urban,3,Co-Ed,4,4,0,3,4,4,4,4,4,4,0,0,0,0,2,4,0,0,0,1,0,4,4,3,4,0,0,0,4,0,0
2015-16,29,Karnataka,2921,BENGALURU RURAL,292102,DODDABALLAPURA,6,SS (I-X),4,Government Aided,Rural,3,Co-Ed,1,1,0,1,1,1,1,1,1,1,0,0,0,0,1,1,0,1,1,1,0,1,1,1,1,1,1,0,1,0,0
2015-16,29,Karnataka,2921,BENGALURU RURAL,292102,DODDABALLAPURA,6,SS (I-X),5,Private Unaided (Recognized),Rural,3,Co-Ed,7,7,0,7,7,7,7,7,7,7,0,0,0,0,5,6,0,6,0,3,1,7,7,7,7,3,1,0,7,0,0
2015-16,29,Karnataka,2921,BENGALURU RURAL,292102,DODDABALLAPURA,6,SS (I-X),5,Private Unaided (Recognized),Urban,3,Co-Ed,9,9,0,9,9,9,9,9,9,9,0,0,0,0,6,9,0,6,1,7,1,9,9,9,9,5,3,0,9,0,0
2015-16,29,Karnataka,2921,BENGALURU RURAL,292102,DODDABALLAPURA,8,SS (IX-X),1,Department of Education,Rural,3,Co-Ed,3,3,0,2,3,3,3,3,3,3,0,0,0,0,1,2,0,0,2,3,0,3,3,3,3,0,2,0,2,0,0
2015-16,29,Karnataka,2921,BENGALURU RURAL,292102,DODDABALLAPURA,8,SS (IX-X),4,Government Aided,Rural,3,Co-Ed,1,1,0,1,1,1,1,1,1,1,0,0,0,0,1,1,0,0,1,1,0,1,1,1,1,0,0,0,1,0,0
2015-16,29,Karnataka,2921,BENGALURU RURAL,292102,DODDABALLAPURA,7,SS (VI-X),1,Department of Education,Rural,3,Co-Ed,8,8,0,6,8,8,8,8,8,8,0,0,0,0,7,7,0,0,6,6,0,8,8,8,6,3,2,0,7,0,0
2015-16,29,Karnataka,2921,BENGALURU RURAL,292102,DODDABALLAPURA,7,SS (VI-X),2,Tribal Welfare Department,Rural,3,Co-Ed,1,1,0,1,1,1,1,1,1,1,0,0,0,0,1,1,0,1,1,1,0,1,1,1,1,0,0,0,1,0,0
2015-16,29,Karnataka,2921,BENGALURU RURAL,292102,DODDABALLAPURA,7,SS (VI-X),4,Government Aided,Rural,3,Co-Ed,9,9,0,6,9,9,9,9,9,9,0,0,0,0,5,9,0,0,6,9,1,9,9,8,9,0,0,0,9,0,0
2015-16,29,Karnataka,2921,BENGALURU RURAL,292102,DODDABALLAPURA,7,SS (VI-X),5,Private Unaided (Recognized),Rural,3,Co-Ed,4,4,0,3,4,4,4,4,4,4,0,0,0,0,1,4,0,3,0,4,0,4,4,4,4,3,1,0,4,0,0
2015-16,29,Karnataka,2921,BENGALURU RURAL,292102,DODDABALLAPURA,7,SS (VI-X),7,Central Govt,Rural,3,Co-Ed,1,1,0,1,1,1,1,1,1,1,0,0,0,0,1,1,0,1,0,1,0,1,1,1,1,0,0,0,1,0,0
2015-16,29,Karnataka,2921,BENGALURU RURAL,292102,DODDABALLAPURA,7,SS (VI-X),1,Department of Education,Urban,3,Co-Ed,2,2,0,1,2,2,2,2,2,2,0,0,0,0,2,2,0,0,0,1,0,2,2,2,2,0,1,0,1,0,0
2015-16,29,Karnataka,2921,BENGALURU RURAL,292102,DODDABALLAPURA,7,SS (VI-X),4,Government Aided,Urban,3,Co-Ed,3,3,0,2,3,3,3,3,3,3,0,0,0,0,1,2,0,1,0,3,1,3,3,3,3,0,1,0,3,0,0
2015-16,29,Karnataka,2921,BENGALURU RURAL,292102,DODDABALLAPURA,7,SS (VI-X),5,Private Unaided (Recognized),Urban,3,Co-Ed,4,4,0,4,4,4,4,4,4,4,0,0,0,0,3,4,0,4,0,3,0,4,4,3,4,4,0,0,4,0,0
2015-16,29,Karnataka,2921,BENGALURU RURAL,292102,DODDABALLAPURA,2,UPS (I-VIII),1,Department of Education,Rural,3,Co-Ed,114,114,0,44,114,114,112,114,114,114,0,0,0,0,87,31,0,0,105,79,0,114,114,111,77,0,97,0,40,0,0
2015-16,29,Karnataka,2921,BENGALURU RURAL,292102,DODDABALLAPURA,2,UPS (I-VIII),5,Private Unaided (Recognized),Rural,3,Co-Ed,12,12,0,10,11,12,12,12,12,12,0,0,0,0,6,11,0,3,0,11,0,11,12,10,12,1,3,0,11,0,0
2015-16,29,Karnataka,2921,BENGALURU RURAL,292102,DODDABALLAPURA,2,UPS (I-VIII),1,Department of Education,Urban,3,Co-Ed,14,12,0,10,13,14,14,14,14,14,0,0,0,0,8,5,0,0,11,4,0,14,13,10,11,0,9,0,8,0,0
2015-16,29,Karnataka,2921,BENGALURU RURAL,292102,DODDABALLAPURA,2,UPS (I-VIII),4,Government Aided,Urban,3,Co-Ed,6,6,0,3,5,6,5,6,6,6,0,0,0,0,4,5,0,1,2,3,0,6,6,4,6,1,0,0,5,0,0
2015-16,29,Karnataka,2921,BENGALURU RURAL,292102,DODDABALLAPURA,2,UPS (I-VIII),5,Private Unaided (Recognized),Urban,3,Co-Ed,10,10,0,8,10,10,10,10,10,10,0,0,0,0,4,10,0,2,0,6,0,8,10,6,8,2,0,0,9,0,0
2015-16,29,Karnataka,2921,BENGALURU RURAL,292102,DODDABALLAPURA,4,UPS (VI-VIII),1,Department of Education,Urban,3,Co-Ed,2,2,0,2,1,2,2,2,2,2,0,0,0,0,0,0,0,0,2,1,0,2,2,2,2,0,2,0,2,0,0
2015-16,29,Karnataka,2921,BENGALURU RURAL,292103,DEVANAHALLI,3,HSS (I-XII),5,Private Unaided (Recognized),Rural,3,Co-Ed,1,1,0,1,1,1,1,1,1,1,0,0,0,0,1,1,0,1,0,1,1,1,1,1,1,0,1,0,1,0,0
2015-16,29,Karnataka,2921,BENGALURU RURAL,292103,DEVANAHALLI,5,HSS (VI-XII),1,Department of Education,Urban,3,Co-Ed,2,2,0,1,2,2,2,2,2,2,0,0,0,0,2,2,0,0,2,2,2,2,2,2,2,0,2,0,2,0,0
2015-16,29,Karnataka,2921,BENGALURU RURAL,292103,DEVANAHALLI,5,HSS (VI-XII),5,Private Unaided (Recognized),Urban,3,Co-Ed,1,1,0,1,1,1,1,1,1,1,0,0,0,0,1,1,0,1,0,1,1,1,1,1,1,1,0,0,1,0,0
2015-16,29,Karnataka,2921,BENGALURU RURAL,292103,DEVANAHALLI,11,HSS (XI-XII),5,Private Unaided (Recognized),Rural,2,Girls,1,1,0,1,1,1,1,0,1,1,0,0,0,0,1,1,0,1,0,1,1,1,1,1,1,1,0,0,1,0,0
2015-16,29,Karnataka,2921,BENGALURU RURAL,292103,DEVANAHALLI,11,HSS (XI-XII),4,Government Aided,Rural,3,Co-Ed,1,1,0,1,1,1,1,1,1,1,0,0,0,0,1,1,0,0,0,1,0,1,0,1,1,0,0,0,1,0,0
2015-16,29,Karnataka,2921,BENGALURU RURAL,292103,DEVANAHALLI,11,HSS (XI-XII),5,Private Unaided (Recognized),Urban,3,Co-Ed,3,3,0,3,3,3,3,3,3,3,0,0,0,0,3,3,0,3,0,2,2,3,3,2,3,2,2,0,2,0,0
2015-16,29,Karnataka,2921,BENGALURU RURAL,292103,DEVANAHALLI,1,PS (I-V),1,Department of Education,Rural,2,Girls,1,0,0,0,1,1,1,1,1,1,0,0,0,0,0,0,0,0,0,1,0,1,1,1,0,0,0,0,1,0,0
2015-16,29,Karnataka,2921,BENGALURU RURAL,292103,DEVANAHALLI,1,PS (I-V),1,Department of Education,Rural,3,Co-Ed,114,114,0,7,110,114,114,114,114,114,0,0,0,0,76,14,0,0,106,69,0,114,114,103,77,0,58,0,74,0,0
2015-16,29,Karnataka,2921,BENGALURU RURAL,292103,DEVANAHALLI,1,PS (I-V),5,Private Unaided (Recognized),Rural,3,Co-Ed,18,17,0,17,18,18,18,18,18,18,0,0,0,0,13,17,0,3,1,14,0,16,16,17,17,2,6,0,17,0,0
2015-16,29,Karnataka,2921,BENGALURU RURAL,292103,DEVANAHALLI,1,PS (I-V),1,Department of Education,Urban,3,Co-Ed,9,9,0,1,6,9,9,9,9,9,0,0,0,0,7,0,0,0,9,1,0,9,9,9,1,0,8,0,4,0,0
2015-16,29,Karnataka,2921,BENGALURU RURAL,292103,DEVANAHALLI,1,PS (I-V),5,Private Unaided (Recognized),Urban,3,Co-Ed,4,4,0,4,4,4,4,4,4,4,0,0,0,0,4,4,0,0,0,4,0,4,4,4,4,0,1,0,4,0,0
2015-16,29,Karnataka,2921,BENGALURU RURAL,292103,DEVANAHALLI,6,SS (I-X),1,Department of Education,Rural,3,Co-Ed,1,1,0,0,1,1,1,1,1,1,0,0,0,0,0,1,0,1,1,0,0,1,1,0,1,0,0,0,1,0,0
2015-16,29,Karnataka,2921,BENGALURU RURAL,292103,DEVANAHALLI,6,SS (I-X),5,Private Unaided (Recognized),Rural,3,Co-Ed,4,4,0,4,4,4,4,4,4,4,0,0,0,0,4,4,0,2,0,4,2,4,4,4,4,1,0,0,4,0,0
2015-16,29,Karnataka,2921,BENGALURU RURAL,292103,DEVANAHALLI,6,SS (I-X),5,Private Unaided (Recognized),Urban,3,Co-Ed,9,9,0,9,9,9,9,9,9,9,0,0,0,0,8,9,0,4,0,6,3,9,9,9,9,1,1,0,9,0,0
2015-16,29,Karnataka,2921,BENGALURU RURAL,292103,DEVANAHALLI,8,SS (IX-X),1,Department of Education,Rural,3,Co-Ed,2,2,0,2,2,2,2,2,2,2,0,0,0,0,1,2,0,0,2,2,0,2,2,2,2,1,1,0,2,0,0
2015-16,29,Karnataka,2921,BENGALURU RURAL,292103,DEVANAHALLI,8,SS (IX-X),5,Private Unaided (Recognized),Rural,3,Co-Ed,1,1,0,1,1,1,1,1,1,1,0,0,0,0,0,1,0,0,0,1,0,1,1,1,1,0,0,0,1,0,0
2015-16,29,Karnataka,2921,BENGALURU RURAL,292103,DEVANAHALLI,8,SS (IX-X),5,Private Unaided (Recognized),Urban,3,Co-Ed,1,1,0,1,1,1,1,1,1,1,0,0,0,0,1,1,0,1,0,1,0,1,1,1,1,0,0,0,1,0,0
2015-16,29,Karnataka,2921,BENGALURU RURAL,292103,DEVANAHALLI,7,SS (VI-X),1,Department of Education,Urban,2,Girls,2,2,0,2,2,2,2,2,2,2,0,0,0,0,2,2,0,0,2,2,1,2,2,2,2,0,0,0,1,0,0
2015-16,29,Karnataka,2921,BENGALURU RURAL,292103,DEVANAHALLI,7,SS (VI-X),1,Department of Education,Rural,3,Co-Ed,6,6,0,3,4,6,5,6,6,6,0,0,0,0,5,4,0,0,6,6,0,6,6,6,6,1,1,0,5,0,0
2015-16,29,Karnataka,2921,BENGALURU RURAL,292103,DEVANAHALLI,7,SS (VI-X),2,Tribal Welfare Department,Rural,3,Co-Ed,1,1,0,1,1,1,1,1,1,1,0,0,0,0,1,1,0,0,1,1,0,1,1,1,1,0,0,0,1,0,0
2015-16,29,Karnataka,2921,BENGALURU RURAL,292103,DEVANAHALLI,7,SS (VI-X),4,Government Aided,Rural,3,Co-Ed,6,6,0,6,6,6,6,6,6,6,0,0,0,0,5,6,0,0,0,6,0,6,6,6,6,2,2,0,6,0,0
2015-16,29,Karnataka,2921,BENGALURU RURAL,292103,DEVANAHALLI,7,SS (VI-X),5,Private Unaided (Recognized),Rural,3,Co-Ed,3,3,0,3,3,3,3,3,3,3,0,0,0,0,2,3,0,2,0,3,1,3,3,3,3,1,0,0,3,0,0
2015-16,29,Karnataka,2921,BENGALURU RURAL,292103,DEVANAHALLI,7,SS (VI-X),1,Department of Education,Urban,3,Co-Ed,1,1,0,1,1,1,1,1,1,1,0,0,0,0,0,1,0,0,1,0,1,1,1,1,0,0,1,0,1,0,0
2015-16,29,Karnataka,2921,BENGALURU RURAL,292103,DEVANAHALLI,7,SS (VI-X),4,Government Aided,Urban,3,Co-Ed,2,2,0,2,2,2,2,2,2,2,0,0,0,0,2,2,0,1,0,1,2,2,2,2,2,0,1,0,2,0,0
2015-16,29,Karnataka,2921,BENGALURU RURAL,292103,DEVANAHALLI,7,SS (VI-X),5,Private Unaided (Recognized),Urban,3,Co-Ed,6,6,0,6,6,6,6,6,6,6,0,0,0,0,5,6,0,4,0,4,4,6,6,6,6,3,0,0,6,0,0
2015-16,29,Karnataka,2921,BENGALURU RURAL,292103,DEVANAHALLI,2,UPS (I-VIII),1,Department of Education,Urban,1,Boys,2,2,0,1,2,2,2,2,1,2,0,0,0,0,2,2,0,0,2,1,0,2,2,2,2,0,1,0,0,0,0
2015-16,29,Karnataka,2921,BENGALURU RURAL,292103,DEVANAHALLI,2,UPS (I-VIII),1,Department of Education,Urban,2,Girls,2,2,0,2,2,2,2,1,2,2,0,0,0,0,1,1,0,0,2,1,0,2,2,2,1,0,2,0,2,0,0
2015-16,29,Karnataka,2921,BENGALURU RURAL,292103,DEVANAHALLI,2,UPS (I-VIII),1,Department of Education,Rural,3,Co-Ed,75,75,0,38,74,75,75,75,75,75,0,0,0,0,54,24,0,1,74,55,0,75,75,72,55,0,59,0,25,0,0
2015-16,29,Karnataka,2921,BENGALURU RURAL,292103,DEVANAHALLI,2,UPS (I-VIII),4,Government Aided,Rural,3,Co-Ed,1,1,0,1,1,1,1,1,1,1,0,0,0,0,0,0,0,0,0,1,0,1,1,1,1,0,0,0,1,0,0
2015-16,29,Karnataka,2921,BENGALURU RURAL,292103,DEVANAHALLI,2,UPS (I-VIII),5,Private Unaided (Recognized),Rural,3,Co-Ed,14,14,0,13,14,14,13,14,14,14,0,0,0,0,9,14,0,1,0,10,2,14,14,14,14,1,2,0,14,0,0
2015-16,29,Karnataka,2921,BENGALURU RURAL,292103,DEVANAHALLI,2,UPS (I-VIII),1,Department of Education,Urban,3,Co-Ed,13,13,0,4,12,13,13,13,13,13,0,0,0,0,10,5,0,0,12,6,0,13,13,13,5,0,11,0,7,0,0
2015-16,29,Karnataka,2921,BENGALURU RURAL,292103,DEVANAHALLI,2,UPS (I-VIII),4,Government Aided,Urban,3,Co-Ed,1,1,0,0,1,1,1,1,1,1,0,0,0,0,0,0,0,0,0,0,0,1,1,1,1,0,0,0,1,0,0
2015-16,29,Karnataka,2921,BENGALURU RURAL,292103,DEVANAHALLI,2,UPS (I-VIII),5,Private Unaided (Recognized),Urban,3,Co-Ed,9,9,0,9,9,9,9,9,9,9,0,0,0,0,7,9,0,1,0,7,0,9,9,9,9,0,0,0,9,0,0
2015-16,29,Karnataka,2921,BENGALURU RURAL,292103,DEVANAHALLI,4,UPS (VI-VIII),4,Government Aided,Rural,3,Co-Ed,1,1,0,1,1,1,1,1,1,1,0,0,0,0,1,1,0,0,1,0,0,1,1,1,1,0,0,0,1,0,0
2015-16,29,Karnataka,2921,BENGALURU RURAL,292103,DEVANAHALLI,4,UPS (VI-VIII),5,Private Unaided (Recognized),Rural,3,Co-Ed,1,1,0,1,1,1,1,1,1,1,0,0,0,0,1,1,0,0,0,1,0,1,1,1,1,0,0,0,1,0,0
2015-16,29,Karnataka,2921,BENGALURU RURAL,292103,DEVANAHALLI,4,UPS (VI-VIII),1,Department of Education,Urban,3,Co-Ed,1,1,0,1,1,1,1,1,1,1,0,0,0,0,0,1,0,0,1,0,0,1,1,1,1,0,1,0,0,0,0
2015-16,29,Karnataka,2921,BENGALURU RURAL,292103,DEVANAHALLI,4,UPS (VI-VIII),2,Tribal Welfare Department,Urban,3,Co-Ed,1,0,0,1,1,1,1,1,1,1,0,0,0,0,1,0,0,0,0,1,0,1,1,1,1,0,0,0,1,0,0
2015-16,29,Karnataka,2921,BENGALURU RURAL,292104,HOSAKOTE,11,HSS (XI-XII),1,Department of Education,Urban,2,Girls,1,1,0,1,1,1,1,1,1,1,0,0,0,0,1,1,0,0,0,1,0,1,1,0,1,0,1,0,1,0,0
2015-16,29,Karnataka,2921,BENGALURU RURAL,292104,HOSAKOTE,11,HSS (XI-XII),5,Private Unaided (Recognized),Urban,2,Girls,2,2,0,2,2,2,2,2,2,2,0,0,0,0,1,2,0,1,0,2,1,2,1,2,2,1,2,0,1,0,0
2015-16,29,Karnataka,2921,BENGALURU RURAL,292104,HOSAKOTE,11,HSS (XI-XII),1,Department of Education,Rural,3,Co-Ed,2,2,0,1,2,2,1,2,2,2,0,0,0,0,1,2,0,0,0,1,0,1,1,1,1,0,2,0,1,0,0
2015-16,29,Karnataka,2921,BENGALURU RURAL,292104,HOSAKOTE,11,HSS (XI-XII),2,Tribal Welfare Department,Rural,3,Co-Ed,1,1,0,1,1,1,1,1,1,1,0,0,0,0,1,1,0,0,0,1,0,1,1,1,1,0,1,0,1,0,0
2015-16,29,Karnataka,2921,BENGALURU RURAL,292104,HOSAKOTE,11,HSS (XI-XII),5,Private Unaided (Recognized),Rural,3,Co-Ed,2,2,0,1,2,2,2,2,2,2,0,0,0,0,2,2,0,0,0,2,2,2,2,2,1,0,2,0,2,0,0
2015-16,29,Karnataka,2921,BENGALURU RURAL,292104,HOSAKOTE,11,HSS (XI-XII),1,Department of Education,Urban,3,Co-Ed,1,1,0,1,1,1,1,1,1,1,0,0,0,0,1,1,0,0,0,1,1,1,1,1,1,0,1,0,1,0,0
2015-16,29,Karnataka,2921,BENGALURU RURAL,292104,HOSAKOTE,11,HSS (XI-XII),5,Private Unaided (Recognized),Urban,3,Co-Ed,5,5,0,5,5,5,4,5,5,5,0,0,0,0,4,5,0,2,0,4,4,5,3,5,4,1,3,0,4,0,0
2015-16,29,Karnataka,2921,BENGALURU RURAL,292104,HOSAKOTE,1,PS (I-V),1,Department of Education,Rural,3,Co-Ed,144,144,0,12,135,144,141,144,144,144,0,0,0,0,70,8,0,0,100,92,0,144,142,136,73,0,97,0,82,0,0
2015-16,29,Karnataka,2921,BENGALURU RURAL,292104,HOSAKOTE,1,PS (I-V),2,Tribal Welfare Department,Rural,3,Co-Ed,1,1,0,1,1,1,1,1,1,1,0,0,0,0,0,1,0,0,0,0,0,1,1,1,1,0,0,0,1,0,0
2015-16,29,Karnataka,2921,BENGALURU RURAL,292104,HOSAKOTE,1,PS (I-V),5,Private Unaided (Recognized),Rural,3,Co-Ed,16,16,0,13,16,16,16,16,16,16,0,0,0,0,14,16,0,0,0,15,2,14,15,15,9,0,13,0,11,0,0
2015-16,29,Karnataka,2921,BENGALURU RURAL,292104,HOSAKOTE,1,PS (I-V),1,Department of Education,Urban,3,Co-Ed,5,4,0,1,5,5,5,5,5,5,0,0,0,0,4,0,0,0,2,3,0,5,5,5,1,0,3,0,2,0,0
2015-16,29,Karnataka,2921,BENGALURU RURAL,292104,HOSAKOTE,1,PS (I-V),5,Private Unaided (Recognized),Urban,3,Co-Ed,9,9,0,6,8,9,9,9,9,9,0,0,0,0,6,8,0,0,0,6,1,7,9,7,6,0,8,0,5,0,0
2015-16,29,Karnataka,2921,BENGALURU RURAL,292104,HOSAKOTE,6,SS (I-X),5,Private Unaided (Recognized),Rural,3,Co-Ed,11,11,0,11,11,11,11,11,11,11,0,0,0,0,6,11,0,7,0,10,2,11,9,10,9,2,2,0,11,0,0
2015-16,29,Karnataka,2921,BENGALURU RURAL,292104,HOSAKOTE,6,SS (I-X),5,Private Unaided (Recognized),Urban,3,Co-Ed,11,11,0,11,10,11,11,11,11,11,0,0,0,0,10,11,0,9,0,10,3,11,10,11,10,1,6,0,11,0,0
2015-16,29,Karnataka,2921,BENGALURU RURAL,292104,HOSAKOTE,8,SS (IX-X),1,Department of Education,Urban,1,Boys,1,1,0,0,1,1,1,1,1,1,0,0,0,0,1,1,0,0,0,1,0,1,1,1,1,0,0,0,1,0,0
2015-16,29,Karnataka,2921,BENGALURU RURAL,292104,HOSAKOTE,8,SS (IX-X),1,Department of Education,Rural,3,Co-Ed,2,2,0,2,2,2,2,2,2,2,0,0,0,0,1,1,0,1,1,2,0,2,2,2,2,1,0,0,1,0,0
2015-16,29,Karnataka,2921,BENGALURU RURAL,292104,HOSAKOTE,7,SS (VI-X),2,Tribal Welfare Department,Rural,2,Girls,1,1,0,1,1,1,1,1,1,1,0,0,0,0,1,1,0,1,0,1,0,1,1,1,1,1,0,0,0,0,0
2015-16,29,Karnataka,2921,BENGALURU RURAL,292104,HOSAKOTE,7,SS (VI-X),1,Department of Education,Urban,2,Girls,1,1,0,1,1,1,1,1,1,1,0,0,0,0,1,1,0,0,0,1,0,1,1,1,1,0,1,0,1,0,0
2015-16,29,Karnataka,2921,BENGALURU RURAL,292104,HOSAKOTE,7,SS (VI-X),1,Department of Education,Rural,3,Co-Ed,13,13,0,10,12,13,13,13,13,13,0,0,0,0,9,8,0,4,6,13,0,13,13,13,12,1,5,0,13,0,0
2015-16,29,Karnataka,2921,BENGALURU RURAL,292104,HOSAKOTE,7,SS (VI-X),2,Tribal Welfare Department,Rural,3,Co-Ed,1,1,0,1,1,1,1,1,1,1,0,0,0,0,1,1,0,0,1,1,0,1,1,1,1,0,0,0,1,0,0
2015-16,29,Karnataka,2921,BENGALURU RURAL,292104,HOSAKOTE,7,SS (VI-X),4,Government Aided,Rural,3,Co-Ed,5,5,0,4,5,5,5,5,5,5,0,0,0,0,1,4,0,2,2,5,1,5,5,5,5,1,0,0,5,0,0
2015-16,29,Karnataka,2921,BENGALURU RURAL,292104,HOSAKOTE,7,SS (VI-X),5,Private Unaided (Recognized),Rural,3,Co-Ed,9,9,0,7,9,9,9,9,9,9,0,0,0,0,4,8,0,2,0,8,1,9,9,9,9,1,2,0,9,0,0
2015-16,29,Karnataka,2921,BENGALURU RURAL,292104,HOSAKOTE,7,SS (VI-X),4,Government Aided,Urban,3,Co-Ed,2,2,0,1,2,2,2,2,2,2,0,0,0,0,2,1,0,0,0,1,0,2,2,2,2,0,0,0,2,0,0
2015-16,29,Karnataka,2921,BENGALURU RURAL,292104,HOSAKOTE,7,SS (VI-X),5,Private Unaided (Recognized),Urban,3,Co-Ed,1,1,0,1,1,1,1,1,1,1,0,0,0,0,1,1,0,1,0,1,0,1,1,1,1,1,0,0,1,0,0
2015-16,29,Karnataka,2921,BENGALURU RURAL,292104,HOSAKOTE,2,UPS (I-VIII),1,Department of Education,Rural,2,Girls,1,1,0,0,1,1,1,1,1,1,0,0,0,0,1,0,0,0,0,0,0,1,1,1,0,0,0,0,0,0,0
2015-16,29,Karnataka,2921,BENGALURU RURAL,292104,HOSAKOTE,2,UPS (I-VIII),1,Department of Education,Rural,3,Co-Ed,108,108,0,47,104,108,108,108,108,108,0,0,0,0,53,31,0,0,80,82,0,108,107,106,64,0,89,0,41,0,0
2015-16,29,Karnataka,2921,BENGALURU RURAL,292104,HOSAKOTE,2,UPS (I-VIII),4,Government Aided,Rural,3,Co-Ed,2,2,0,2,2,2,2,2,2,2,0,0,0,0,0,2,0,0,1,2,0,2,2,2,2,0,0,0,2,0,0
2015-16,29,Karnataka,2921,BENGALURU RURAL,292104,HOSAKOTE,2,UPS (I-VIII),5,Private Unaided (Recognized),Rural,3,Co-Ed,15,15,0,12,15,15,15,15,15,15,0,0,0,0,6,14,0,1,0,14,1,15,14,14,14,0,2,0,15,0,0
2015-16,29,Karnataka,2921,BENGALURU RURAL,292104,HOSAKOTE,2,UPS (I-VIII),1,Department of Education,Urban,3,Co-Ed,7,7,0,5,6,7,7,7,7,7,0,0,0,0,6,3,0,0,5,5,0,7,7,7,6,0,7,0,5,0,0
2015-16,29,Karnataka,2921,BENGALURU RURAL,292104,HOSAKOTE,2,UPS (I-VIII),4,Government Aided,Urban,3,Co-Ed,2,2,0,1,2,2,2,2,2,2,0,0,0,0,2,2,0,0,0,2,0,2,2,2,2,0,0,0,2,0,0
2015-16,29,Karnataka,2921,BENGALURU RURAL,292104,HOSAKOTE,2,UPS (I-VIII),5,Private Unaided (Recognized),Urban,3,Co-Ed,7,7,0,7,7,7,7,7,7,7,0,0,0,0,6,7,0,3,0,4,2,7,7,6,5,3,4,0,6,0,0
2015-16,29,Karnataka,2921,BENGALURU RURAL,292104,HOSAKOTE,4,UPS (VI-VIII),1,Department of Education,Rural,3,Co-Ed,1,1,0,0,1,1,1,1,1,1,0,0,0,0,1,0,0,0,1,1,0,1,1,1,0,0,1,0,0,0,0
